text,label
"Ipudu atleast KCR ni jobs aduguthu thiduthunnaru , BJP vasthe , memu maa pillalu pranalatho unte chalu ayya , ee matha kalahaalu vaddu ani edustaaru , doubt unte north india , UP ki trip esi raandi  , nirakshyarasya , matha jhaadya paripaalana chusi raandi .",0
Babu o rambabu nuve sa...... Naki pothuv babu,0
"సార్ నాదెండ్ల మనోహర్ గారు, మీరు ఎప్పటికి ప్రాణం ఉన్నంత వరకు పవన్ కళ్యాణ్ గారితో వుండండి",1
Ede ithey adi RGV nijaallu Baga oppukuntaaru,1
ఇందుకు కాదు మిమ్మల్ని పవర్ స్టార్ అనేది పునీత్ సార్ ,1
Kohl carrier Niii tokkalanii chustunnaru evaroo,1
Okka kcr thappa vere party vallaki amathram chepparu e thenmar,1
ఈ మాటలతో నీ మీద ఉన్న గౌరవం పోయింది తూ,0
రైతు సంతోషిస్తుంటే కన్నీళ్లు ఆపుకోలేకపోయాను,1
Correct bro vadu  langa road meedha ammukuntaru,0
ఇదోక గొప్ప విషయమా.. బొక్క లో సోది,1
ఏ రా వంకర రెడ్డి ఎలా పుట్టి ఉంటావో నాకు అర్థం కాలేదు.,1
Atluntadhi mannolathini,1
ఏందిరా ఎవరితో అది? దానితో ఏందిరా కథలు,0
Venu Madhav lanti comedy evaru ceyyaru I am very very missing Venu Madha,1
lokham prathi covid patient ki winne the pooh nichi vasool chesukovali,0
"మీరు చాలా అదృష్టం వంతులు మీకు దేవుడు మంచి అన్నను, తమ్ముడు ను ఇచ్చారు.",1
time waste sir jagan cheyalenidi meeru ela chestaru devudu kadu kada ap problem cheyavaddu,1
హో పోలవరం BAFOON గాఢ అవసరమా వీడికి ఇంత బిల్డ్,0
"Telangana lo bjp vastene...ee trs aarachakaalu tagguthai, police la ni venta pettukoni motham Telangana ni nashanam chestunnaru",0
Anna challa chinna pilla e ammaini inthaalaa torcher chesthunnaru. Mee pillalanuu elaghe chesthey elaaa untadhi annadhi meruu ardham chesukondi. Inkaaa meruu elagheee chesthanuui antay devuduuu meeku thaghinaa mulyam chellisthaduuu. Nijangaa aaa Thirupathi venkteshwarlu swamy untay mekuu emikakundaaa me minduu mi family lu kulipovalani korukuntunna from telangan,1
Miku cinemala gurinchi andhuku ra ...nuvvu pettukunna dhukanam anti matladey matter anti,0
Antha vadaina kani awaru aina sare antha dabbu una time osthe anthe only good karma can help you in delaying things anthe,1
Malli siggu Lekunda noob account eskoni vachesava,0
పొలం దున్ని బియ్యం పండించడం...పోర్న్ చూసినంత ఈజీ కాదు సామి,0
okka goppa Director chudadam kantay Adrustam Em vuntundi mi Ashishishulu Tarak sir ki vubdali,1
బోరుకొచ్చిన బండి బోరుకొచ్చిన బండిని నడుపుతుంది,0
ktr valla hyderabad baga devalop ayindhi jai ktr,1
రోజా కి బాగా సరిపోయినట్టుంది,0
Eeee suma overaction rota ga undi,0
Meru mi media published cheyadam vallane elanti idea lu vastai vallaki,1
Nee matalu thappa em chesedhi lefhu,0
first move doilogs api 3 wife laki nayam chesi tavata nethulu. cheppu babu partner ok,0
బొంగేం కాదు నువ్వు ఇంటికి వెళ్లి చూడు నీకే తెలుస్తది,0
లైగర్ మూవీ లో కనీసం మంచు లక్ష్మి పెట్టిన యావరేజ్ ఆయ్యేది,1
Late iena parlaydhu movie mamuluga vundakudadhu movie,1
ma anna nee troll chestava ra puka,0
 Nuvu chepu ra lakadikapul Dubai ki yenduku velado donga malligadu ,0
Bass jaani sir nuvvu e song ki cheyyaka pothe waste e song,0
Daniki mekaup mida una sradda abiruddi meda ledayi,0
Sunil unte aa sandadi veru..,1
"సార్ మీ తండ్రి కొడుకుల పాత్రలు చాలా సూపర్ గా ఉంటాయి సార్, నాకు కూడా ఇద్దరు కొడుకులు వాళ్లతో ఎప్పుడు ఇలాగే కామెడీగానే ఉంటాను",1
శేఖర్ మాస్టర్ తో ఆ... పిల్ల ఏం చేసింది రా..... నాయనా.,1
I'm enjoyed a lot andi a show chusina intha fun undaka povachu good entertainment keep it up bros,1
Kulam gurinchi matladakunda eeyana meeting complete avvadu,0
పొట్టతో ఉన్న సూడి గేదె ల ఉన్నవే ముక్కు,0
సూపర్ బ్రో........ రివ్యూ ఇలానే చెప్పాలి ఉన్నదీ ఉన్నట్లు.....,1
యూట్యూబ్ లో ఏమని సర్చ్ చేయాలి బ్రో ఈ పాట కోసం,1
Clear ga explain chestaru chala manchiga artham avuthundi,1
Manalli yavadu ra apeddi,1
"ప్రాణం పోతే తిరిగి రాదు బ్రదర్స్,,, చూసుకొని డ్రైవ్ చేయండి ప్లీజ్ ",1
నిజం నిర్భయంగా అడిగారు మేడం థాంక్యూ మేడం మహా న్యూస్ మేడం గారికి ధన్యవాదాలు,1
కొంచం తగిచు కొంటే బావుండు,0
మార్రి తామారు ఎవర్రి తోకను పాట్టుకున్నారు మాహాసేయా అబట్టి,0
మీడియా సమావేశం పెట్టి మందు గురించి మాట్లాడే మహానుభావుడు,1
Bokkalo show emanna ante family show anta ,0
టీవీ9 పనికిమాలిన ఛానల్ గొడవలు పెట్టే చూస్తుంటుంది,1
జై రాజాసింగ్ జై జై రాజాసింగ్ ప్రతి ఒక్క హిందువు రాజాసింగ్ వెనుక ఆయనతో కలిసి మెలిసి ఉండాలి జై రాజాసింగ్,1
కడుపు నిండా తిండి కూడా తినా లేని జీవితానికి ఇన్ని కుట్రలు కుతంత్రా లు అవసరమా మనిషి మనిషిలా బ్రతకడం గొప్ప,0
Kohili lanti player india ki dorikina great player,1
Amma Telaganama Buthulu nerpina Gaanama.... This is the butulua rajayam na moddala Telangana,0
"
భైయ ఇలాంటి వాడిని 5 నిమిషాలు తటుకొవడం కష్టం కాని నువ్వు 45నిమిషాలు  video చేసావు  నువ్వు great",1
అడక్కలు అందరు కలిసి ఫస్ట్ నైట్ కి రూమ్ లోకి పంప్తున్నారేమిటి,0
Modda lo comedy,0
Nuve pedda joker vi malli...anna ni antunnaru,1
​జై మోది జై పవర్ స్టార్ జై బీజేపీ జై జనసేన,1
"ఎవడో గట్టిగా కొట్టాడేమో ""వెనుక"" నుండి.దెబ్బకి పోయిన మతి తిరిగొచ్చింది..ఏదైతేనే మీకు మళ్ళీ మంచి రోజులు రావాలి బాబాయ్..",0
ఇండియా లెజెండ్రీ డాన్సర్ వన్ అండ్ ఓన్లీ ప్రభుదేవా,1
"Deendi length,breadth,depth,boops baaguntundi,sundlu superb.",0
Ekkada పట్టుకున్నారు వెళ్ళిపోయాడు గా,1
"Na loveda Vikram eedu okka 2,3 cinemalu hit kagaaney Chiranjeevi kanna ekkuva feel ayithunnadu",0
ne okkadiki nyayam jarigindi kaabatti ysr neku devudu nuvu o pathi wrathavi,0
నువ్వు సూపర్ అన్న,1
"ఈ దిబ్బ మొహం దాన్ని దూరం నుంచి చేస్తేనే షాక్ అవతరు,",0
Manchi  pani chesaru ,1
musali gudda ashwin ni endhuku endhuku teaukunnaru bro kastha chepppandi,0
E okka song tho movie vere level ku velipoindhi,1
Nikhil ni support chyyandi manchi manchi scripts meeda work chstnnaru,1
ఎవరు ఏమి కుంటా పనిని ఏమిచేయాలేరు మన నాయుకుడు ఁపజలమంచికోరి వాడు అందుకు దేవుడు తోడుంటాడు,1
Nv chala mandhi ki inspirational eppudu,1
Hahaha papam aravind garu rathri nidra lo kuda tieup antey bayam vachetatlu undi,1
Enno kullu jokulu chusna bhayya... Kani idi peaks,1
Tv9 ki dula thirchestadu rgv ,0
Ippati varaku peddha heroes ki chinna actors kaka pattaru. Ika nunchi pedda heroes thodalu kottada lu meesaalu meda gokkodalu manesi chinna heroes ki value iche time vachesindhi,1
Devudu anna padham chala strong feeling confident nii istundh,1
sitharaman oka sudda pappun siggu ledhu asla mms valla india ela atani economic policy valle india 3 trillion economy ayindhi ,0
చాలా బాగా చెప్పారు అన్న దిల్ రాజు గాడు దొంగ నా కొడుకు ఒక మంచి సినిమాని ఆపేశారు కదరా దిల్ రాజు గాడు అయినా ఏమి పర్వాలేదు కార్తికేయ 2 సినిమాకి మంచి రెస్పాన్స్ వస్తుంది మూవీ సూపర్ బ్లాక్ బస్టర్ సెకండ్ టైం చూస్తా,0
నాది శ్రీకాకులం జిల్లా.. కానీ రఘు అన్న వాగ్దాటికి అభిమానిని.. సంపూర్ణ మైన అవగాహన కలిగిన నాయకుడు..,1
జై శ్రీ కృష్ణ చాలా సంతోషం చాలా మందికి ఉపయోగపడే మాటలు…,1
సూపర్. పాట.,1
liger debbadi konda anna gudda mooskoni vunnaru,0
150 కి పైగా సినిమాలు తీసిన mega కూడా ఒరేయ్ అని fans ని ఎప్పుడు అనలేదు,1
Em paata ra edhi nee mokam lage vundh,0
"నీ expression చూస్తుంటే ఏదో మర్డర్, రేప్ జరిగినట్టు.",0
Koncham over action ekkuva undi ra anu deep needi,0
Love story muddulu kadu sannivesam site ranam lo scenes lo love chala baga chupicharu movie ,1
వీడికి చెప్పు చూపించిన సిగ్గు రాలేదు,0
"అంటే పేదవాళ్ళు ఉపన్యాసాలు చెప్పకూడదు అంటావా , ఆయన 30 కోట్ల ప్రజలకు ముఖ్యమంత్రి.",1
RGV చెప్పేది చాలా కరెక్ట్ గా ఉంది,1
Konni love stories lo love express cheyyataniki muddu pettukovalsina avasaram undadu.,1
"బాల యోగి, ఏర్రం నాయుడు, లాల్జాన్ బాషా ముగ్గురు చంద్రబాబు తయారు చేసిన లీడర్స్..",1
కొడాలి నాని నీ పని కథం లారీలు కడుగు సార్,0
తెలంగాణ జాతి రత్నాలు... మనోళ్లు,1
​KCR DALITA CM ani mosam chesinattu deshaprajalanu mosam cheyalevu,1
Mottanaki neeku correct mogudu badaleswari ya,0
పని తక్కువ బిల్డప్ ఎక్కువ,0
నీ అంత అందమైన అమ్మాయి బిల్డింగ్ నుండి....దూకితే నాలాంటి వాళ్ళు ఏమవ్వాలి చెప్పండి..... మీ అందానికి పడిపోయా,1
Disha case lo encounter chesaru Mari e case lo encounter chese dammu undaha,0
Dheni bhaga  deangali  rojani,0
నటనలో నరసింహుడు అవతల వాళ్ళని గౌరవించడం లొ మహాదేవుడు ,1
ఈ లాంటి కష్టమైన పనులకు ప్రభుత్వం గుర్తించి వారికి ఎంతో కొంత పెన్షన్ మంజూరు చేయాలి,1
ma manasulo feeling mere cheppasaru,1
నువ్వు ఏం అన్న కష్టం చేసి కొన్నాధా మా సొమ్మేగా ప్రజలది.,1
స్పీచ్ బాగుంది మాటల్లో నిజాయతీ ఉంది బాషా నేర్చుకుంటే తెలంగాణ కి హీరో ఔతారు,1
మాటల మంత్రికుడు అని ఊరికే అన్నలేదు. To the point and believable,1
డబుల్ మీనింగ్ లేకుండా దమ్ముంటే కామెడీ చేసి చూపించండి రా,0
మల్లారెడ్డి అంటే ఫేమస్ అందుకే ఇప్పుడు నువ్వు దాచుకున్న అక్రమ ఆస్తులను ఐటి అధికారులు నుండి ఎలా తప్పించుకుంటారు,0
Jaffa mega family,0
jagan policy amma vadi dabbulu veya nanna guda lo nalugdham,0
"మీ సాహసానికి,మీ సంస్కారానికి కోటి దండాలు ",1
Edi mana K.Vishwanadh garu eppudoo ennisarlooo chepparu,1
",waste interview vunnappudu oka maata lenappudu okamata",0
నిజంగా నా మనసు కలచివేసింది తారక్  అన్న గురించి  మీ మాటలు వింటుంటే,1
ee kalam ammailu ki dabbuli vunte chaalu anukuntaru,1
రాధాకృష్ణ గారికి దూల తీరింది .నభూతొ నా భవిశ్యత్..,1
అది ఎప్పుడు అర్థం అవుతుందో ఈ పావలా గాళ్ళకి,1
andhra ni dengali ante jagan abivudri ante cbn,0
Nethooo annisarlu chesavu ani aduguuuu,0
Easy vochina success ni scam antarau.. Emi chepparu bhayya.. Love it,1
Prabas gaaru ante ok .Madhya jalaganna endhuku raa .Oh prabas ki dhisti thagalkunda undatanika,0
కొంచం ఘాటుగా వ్యాఖ్యానించారు...... కానీ నిజం అదే కదా…,1
Ni family motham oke type anti ra,0
సుమ నీ ఓవర్ యాక్షన్ తగించుకో లేకుంటే కథ వేరే,0
ఏదీ ఏమైనా  వృధాప్యంలో ntr గారి అవసరం మీ జీవితాన్ని చీకటి బిలం చేసింది,1
ఓం నమో నమః శ్రీ వేంకటేశ్వర స్వామి యో కలియుగ ప్రత్యక్ష దైవం శ్రీ తిరుమల శ్రీవారి పాదాల కు నమస్కారం........శ్రీ  విష్ణు రూపాయ నమః శీవాయా.....,1
Ore teenmar mallanna pedda thopula feel kaku,1
KALYAN RAM GARIDI cinemalo ONE MAN SHO,1
Varicocel gurinchi explain cheyandi madam,1
"Dabulu iste adi padindi
Dabulu iste villu act chesaru
Lavadaga laga undi set kaledu",0
Mahidhar bro Meru chala genuine person....,1
మీ లాంటి వారు స్టేట్‌ కు DGP  గా వు0టీ స్టేట్‌ బాగుంటుంది సార్‌ అయినా మీకు  మిమ్మల్ని కన్నతల్లి తండ్రి గారికీ నా శతకోటి   పాదాబి వందనాలు,1
Super... Metro lo job ochesinatte,0
Nuvvu nijamgaa nippu ....the voice of truth anipinchaav thammi,1
Raaakapoyina parledhu,0
నా భరతమాత చాలా గొప్పది ఎందుకంటె సోనూసూద్ లాంటి గొప్పవ్యక్త్తినీ కన్నందుకు,1
Me Vally telagana Eroju Ela vundhi sir MA Andra ki kuda jagan lanty yadhava kakundha melanty ledars kavali sir great kcr and ktr,0
"పాపం అతన్ని చూస్తే చాల జాలి వేస్తుంది అందరు  కలిసి ఇలా ఇరికించేసి వీడియో తీసి సోషల్ మీడియాలో పెట్టడం ఎంతవరకు కరెక్ట్..
ఎమ్మెల్యే కేతిరెడ్డి గారు మీరు హయ్యర్ ఆపీసర్ లని ఇలా ప్రశ్నించి వీడియో పెట్టండి.
ఇలాంటి చిన్న ఉద్యోగుల ని ఇబ్బందులు పెట్టి, మానసికంగ వాళ్లని హింసించకండి.",0
"పాల మల్లిగా బిడ్డ పెళ్లి ని పైసలతో చెసినోడు , పిసిసి అధ్యక్ష పదవి కోనె పైసలు ఎక్కడవి రా",1
"Parents ani ippudu antunnav, meru movies lo chese romance parents ni drushti lo pettukoni, children ni drushtilo  pettukoni chesthunnara",0
alia bhatt cheshe overaction ki hatsoff ,1
నా జీవితం లో చూసిన అద్భుతమైన వీడియో ఇదే,1
మీరు ఈ లంటి వీడియో పేట్టికంధి బ్రో మీవల్ల ప్రజలు కూడా చేడీ పోతరు,1
Anna pinky akka kada ne jodi were is pinky akka,1
Babhu నువ్వు movie rilease కాకుండా చెప్పే అబద్ధం కన్నా అతను చేసే సాయం గొప్పది. Nuv పెద్ద prad,0
 U r the brokar in the party of trs ,0
sanjay kumari first ma raja singh free cheyandhi ledhu ante mi moddalo party vachina 1 vote luda vundhahiu,0
Asalem matladuthunnavo neekanna ardham ayithundha ,0
Note this point.. minorities kabatti vadileyandi... Ranakeeyanakula ilanti appeasements Valle ivaala minorities jaripe dhamana Kanda lo majority people Bali avtunnaru..,0
ఆగష్టు 14th చూసా ఈ మూవీ మౌత్ పబ్లిసిటీ చేస్తున్న అద్భుతం గా ఉంది జై శ్రీ కృష్ణ,1
"Andarni encounter chesi padeyandi sir ,file close cheseyandi matter over",0
ఎక్కడ పట్టుకున్నారే తల్లి..ఆమె కూడా వెళ్ళిపోయింది.. దొంగలు పారిపోయారు గా..,1
Confirm ga cheptunna one week lo case close chestaru ammai ku Justice garagadu ade poor people inte ippatile encounter chesindevallu,1
Over action apandra,0
pichi lanjakodukuvi Chandra Babu Kali gotiki saripovu,0
Mana  paristhithi yenty ante manam mo kudisipoina parvaledu manalo okadu mathram yedagakudadhu...,0
పొన్నియాన్ సెల్వన్ ని కూడా మనం ముందు ఉండి నడిపించాలి... మన సంస్కృతి ని చాటి చెప్పే ప్రతి సినిమా హిట్ అవ్వాలి......,1
ఈ అమ్మాయిని సినిమాలోకి అసలు వద్దంటే వద్దు ,1
Sakshilo anni migurinchi rasuko,0
దీనెమ్మ దీన్ని ఎవడికన్నా చూపింనుంచండ్ర,0
West Godavari lo adii jarigindhi,1
అమ్మ ఒక రాక్షసుడుని కని మా మీద వదిలేసావు తల్లీ నీకు,0
ఒక బీజేపీ కార్యకర్త 100 మంది ఇతర పార్టీ కార్యకర్తలతో సమానం జై జై కోమటిరెడ్డి బ్రదర్స్ జై మోడీ,1
Cinema motham super andulo ee scene inka highlight,1
Songs kosam mv ki vellochu super unnayi 3 songs,1
ఈయన సోది లేకుండా సినిమా హీట్టో చెప్పేసాడు.. భయ్యా ఇలానే ఇంకా మంచి రివ్వూ చెప్పాలని మనసు పూర్తిగా కోరుకుంటున్న,1
క్యాష్ కౌంటర్ క్యాష్యర్ కు పని బాగ తగ్గ తుంది,1
"తమ్ముడు తమ్ముడే, పేకాట పేకాటే అన్నట్లు వుండాలి డబ్బు విషయంలో...
Boy friend, bar friend, bottle friend అని డబ్బులు పెడితే, ఇలానే అవ్వుద్ధి.",0
Oka station nunchi inko station varaku nonstop horn  kodithe ...appudu m ani Artam cheskovali,1
"Wow charan very handsome.chala slim ga vunnav. Bhale muddhu vasthunnav.maa chiru anna koduku
Ante naku chala istam",1
సన్యాసం తీసుకో తమ్ముడు,0
"నమ్మాలి మేము , ఆయన ఒక పూట తినే bill తన ఆస్తి అంటే నమ్ముతా  పిచ్చొడ్ని కదా",0
​veedu jagan sanka Baga nakeshadu,0
Modi ki Telugu raadhu bandi ki Hindi raadhu,0
"అంటేనే పెద్ద దరిద్రం, దానిని మళ్లీ కళామ తల్లి అని పెద్ద పెద్ద స్పీచులు దంచుతారు, గౌరవం మాటల్లో , కామం కళ్ళలో, చండాలం మనసుసులో, రోగం శరీరంలో ఉండే ఒకే ఒక వ్యవస్థ, ",0
RBI అప్పు ఇవ్వకపోతే కేంద్రం మెడలు వంచి ఫ్రింటింగ్ మిషన్ తీసుకొస్తాను అని మాటిస్తున్న,1
Ne dramalu ayana daggariki velli chey muthipallu ralakodatadu,0
Jyosham kana nenu ni mida penchukuna prema goppadi Super ,1
ఇంతగా మౌత్ పబ్లిసిటీ ఏ సినిమా కి రాలేదు.,1
Sagam kaalchina chutta peekalaku brand amsador,0
Ra nenu pedatanu neku ... .,1
sampu ravali palana marali,0
"Power loki vachaka prajala paina kallu petti thokkutharuu,",0
హోం వర్క్ చాలా బాగుంది,1
ఆ బైక్ వాడిని ఉరి శిక్ష వేయాలి,0
Arey evadi ucha tagutav ra eppudu chethila oka modda pattukunoi untav,0
E desham lo anni rajakiya nayakula vigrahalu ilagey padipovali,1
desha ki pattina daridram modi ,0
Ante ithanu ne ex annamata ,0
ఏ హీరోని ఏ దర్శకున్ని  రెమ్యూనిరేషన్ తగ్గించుకుని అడగకూడదు ప్రజలు గుడిసి పోవాలా అంతేగా,0
Ma principal ni antha mata ante internals lo fasak ...,1
moddalo china vallu pampulu kappalanu tinte edhey avuthundhi ni malla 1 million deaths,0
ఏడుకొండలవాడా వెంకటరమణా గోవిందా గోవిందా,1
dengethe desam pothadhi ball degradun beyy dehradun,0
రేవంత్ అన్న మీరు తెలుగుదేశంలో ఉన్నప్పుడు సోనియాగాంధీ నీ ఏమని విమర్శించారు ఆత్మసాక్షిగా గుర్తుకు తెచ్చుకోండి ఎందుకన్నా ఈ మాటలు,1
Swaami nee attitude ardham chesukune maturity ee world ki Inka raledhu...may be after 20 years we may get that maturity ...really you are amazing…,1
లాస్ట్ నాలుగు బాధము లో మొదటి రెండు బాధము లో ఒకటి తీసుకొని లాస్ట్ లో ఒకటి పెడితే సరిపోతుంది సింపుల్,1
"బంగ్లాదేశ్ ప్రజల కు వున్న జ్ఞానం పాలకులకు లేదు! బంగ్లాదేశ్, పాకిస్థాన్ లను నమ్మి మోసపోరాదు! చేసిన తెలివితక్కువ పనికి ఫలితం అనుభవిస్తున్నారు!",1
Orey niku siguledu ni kendhukura Chandrababu hero raOrey niku siguledu ni kendhukura Chandrababu hero ra,0
pavitra ki pelli kakunda oka abyyai kapuram cheshindhi,0
Ali double meaning gadu..cheppu debba padali,0
Wowh acting vere level boss adaragottaru bhalega undi,1
"కళ్యాణ్ రామ్ అన్న, ఈ మూవీ హిందీలో కూడా రీలీజ్ చేసుంటే...బాగుండేది. సాంగ్స్ అన్నీ...కూడా ... అద్భుతః....",1
bandi sanjay ni bandi  lo vunna engine  degindhi andhukey pichi pichi matladutunnaru,0
Sakshi correct eppudu rasindani Meeru mee jokulu,1
India ki enno  match lu Gelipinchadu,1
Rey yendhuku ra ...puri garu cheppindhi okkati ...miru chupinchedhi  inkoti....rava annadu puri garu dhani vere laga cheptharu  andhuku ra ....,0
నువ్వు హిందూ దేవుళ్ళ గురించి మాట్లాడినప్పుడు నువ్వూ ఏం పికినవ్ రా ఫిరోజ్ ఖాన్ మికేన సెంటిమెంట్ ఉండేది మాకు కూడా ఉంటది,1
ఈ సినిమా పెద్ద విజయం సాదించాలి అనీ మనసుపూర్తిగా కోరుకుంటున్నాము,1
మాట్లాడడానికి వనుకుతున్నవూ బిజెపి ది ఏం పికుతవు చెప్పు,0
botsa oka pichodu,0
మీరు నిండు నూరేళ్లు చల్లగా ఉండాలని కోరుకుంటూ హ్యాపీ మ్యారేజ్ లైఫ్,1
రాధాకృష్ణ గారికి దూల తీరింది .నభూతొ నా భవిశ్యత్..,0
Ellati guruvu kanni boka lo aiyali,0
Nuvvu vastavu em matladathavo nekay theledhu tedha ga,0
మీ అయ్య కూడా అదే గతి పడుతుంది,0
Adara Dengings Inka aa roju nyt,0
ప్రాణం ఇచ్చే fanc ఒక పవణ్ కల్యాణ్ గారికి మాత్రమే ఉన్నారు,1
ఈ వీడియో ద్వారా మంచి సందేశాన్ని చెప్పారు అన్న చిన్న హీరోలు కూడా అవకాశాలు ఇవ్వాలని బడాలే పెద్దపుడింగులు కాదని చిన్న హీరోలు కూడా అవకాశం ఇచ్చేందుకు సపోర్ట్ చేసినందుకు ధన్యవాదాలు,1
Hindi vallatho sanka nakipothav,0
Prabhas antey oka level and oka range,1
ఎవరిష్టం వారిది పనికిమాలిన చిట్కాలు వేస్ట్ మనిషి వెయ్యి సంవత్సరాలు బతకడు ముందు అది తెలుసుకోండి,0
Ni thumbnail jathini thenga,0
Blood breed veru. Mental certification kuda,0
తల్లి తండ్రుల పెంపకం అలా ఉండాలి హాయ్ నమస్తే అంటూ ఎంతో బాగుంది,1
నీకు మళ్ళీ ఇంకో చెంప దెబ్బ తగిలితే బుద్ధి రాదు అనుకుంటా ,1
జన్మదిన శుభాకాంక్షలు నాగార్జున గారు మీరు మరిన్ని పుట్టినరోజు జరుపుకోవాలని మనస్ఫూర్తిగా కోరుకుంటున్నాను,1
"ఈనాటి బీజేపీ దేశాన్ని ఎలుతుందంటే దానికి అద్వానీగారి కృషి చాలావుంది
మోడీగారు ఇలా ",1
Ktr baluputo matladutundu,0
ఆవిడ కష్టాలకి like kadu ఆమె మనోబలాన్ని కి like,1
Mali denthonoo Penta petesadu,1
Krithi please nee pallaku clips veyinchuko teeth chala munadariki vachay,0
పవన్ నిజాయితీ గల నాయకుడు.. దయచేసి 2024లో జనసేనకు ఓటు వేయండి,1
42సార్లు చూశానూ అయిన బోరు కొట్ట లేదు,1
ఈ వయసులోనే ఇలా ఉన్నారు అంటే ఆరోజుల్లో ఎన్ని పొలాలు దున్నారో,1
Revanth Reddy garu has very clarity in his thoughts... excellent way of expressing himself ,1
Movie aithe chaala ante chaala  bagundi  part 2 kooda twaraga vachi gana vijayam sadinchali thank you Kalyan ram garu and vassishta garu chaala baaga thisaru ituvanti kotha kotha movies Inka yenno cheyyalani manaspurthiga korukuntunnanu,1
ఇంత అందమైన పిల్లని నా జీవితంలో చూడనే లేదు,1
"రమణగారూ మీ పాట ఎన్ని సార్లు విన్నా ఇంకా వినాలని నిజానికి సాంప్రదాయ పద్ధతిలో సంగీతం పాడే,వినే మా లాంటి వారికి కూడా మాంచి ఎనర్జీ ఇస్తుంది.",1
Adi sigrate taguthundhi observe chesara,0
Poor people ki middle class varu happy ga brathakavachu,1
Sathi nee comedy lo pasa ledhu,0
Zilla ko airport kadaruga. Inka roads ala vunte enti,0
Supper akka chaala cute ga vunnaru.,1
అన్న నమస్కారం సూపర్ పెట్టిండ్రు,1
ఏ జన్మలో ఏం పాపం చేసారో..చిరంజీవి గారు ఇలాంటి వారికి జన్మనిచ్చారు..,0
"asalu villu prajalaki em Manchi chesthunnaroo cheppandi, boothulu maatlaadi public ki Tv ki entertainment cheyakandi",0
​mana alochana. mana mundhu unna tarala bavisathu mana mida adhara padi undhi,1
దీనెమ్మ దీన్ని ఎవడికన్నా చూపింనుంచండ్ర,0
ఆ కారుకు సరే..... నీకు దొరికాడా డ్రైవరు?? ,0
Cmr central lo movie promote chestey baguntadi weekends Saturday or Sunday movie blockbuster pakka,1
 Kcr ke potenava ne Bathuku ,0
జగన్న స్వామి ఆశీర్వాదాలు దరిద్రం,0
Papam suri ki chala badha vundemo anduke ane sarlu attack chesadu,0
Houselo lekapoyatapadike gopalu chepukuntunadu waste  gadu,0
"కళ్యాణ్ రామ్ గారి జీవితంలో మర్చిపోలేని అద్భుతమైన సినిమా ఈ """"బింబిసార""""",1
jai kodali nani meru oka dynamic leader,1
trs cheppy nake vadhu ,0
sooraj inka valla daddy oka rapist rapist family gudda mi dabbulu valla safe malla modi give respect to women anta,0
Traffic police pikthunara 2019 nundi number plate petkokunda TR number tho untey,0
"Edhena manam echey goiram kcr, non sense",0
Ni jobi lo nundi oka rupai evariki ichinatlu a media lo chudaledhu sir. Pawan thana cinema dabbulu pedhavallaki pancharu,1
E over action voddu ra,0
ఇటువంటి ఫేక్ కాల్స్ చాలామంది చేస్తూ ఉంటారు ఎవరు నెంబర్ చెప్పి ఇబ్బంది పెడుతుంటారు ఇటువంటి వాళ్ళకు పైన కేసు పెట్టి లోపట పడేవ్వాలి సార్ అనిల్ కుమార్ యాదవ్ గారు ఎమ్మెల్యే దేనికి తగ్గాల్సిన అవసరం లేదు వాళ్ళు ఎవరో చూసి వాళ్ళ పైన కఠిన చర్యలు తీసుకోవాలి అప్పుడే నీ పైన ఉన్న మచ్చ తోలుతుంది సార్,1
"Munawar చేసిన తప్పుకు, అతనిని దేశ భహీష్కరణ చెయ్యాల్సిందే.",0
పార్లమెంట్ సాక్షిగా తెలంగాణ మీద విషం కక్కి మళ్ళీ ఏ ముఖం పెట్టుకొని తెలంగాణ వస్తున్నవ్ Gujarati??,1
Lips thin ga unte baguntundi,1
కావాలి జగన్ రావాలి జగన్ అని ఓ ఏసారుగా ఓట్లు... దింపుతున్నాడ ప్రతి రోజూ బాగా?,1
ఉండవల్లి గారు మీరు ఎంత చెప్పినా తాగే వాళ్ళు తాగమన్నారు వాళ్లు అలా తాగుతూనే కదా ప్రభుత్వాలు నడిచేది నా బాధలు ఏంటంటే 20 సంవత్సరాలు నిండని పిల్లలు కూడా తాగుతున్నారు అదే నా బాధ,1
వాళ్ళు వాళ్ళు బానే వుంటారు మధ్యలో ఫాన్స్ చావకండి రా మీ అమ్మ నాన్న కోసం చావండి ok,1
Manava rupamlo vunna Devudu mana megastar,1
"Apande ra me ranku veshalu, me kullu comedy",0
Kcr great అందుకేప్రదానిని వద్దన్నాడు,1
"
lakshmankumar kavali
Next Step is tdp vallu money print cheyakunda adukuntunaru ane press meet pette mare chepatadu",1
Veedi comedy kosam ..valla nannani kuda vadalaledu,0
Mata tadabada kunda clear ga ktr sir matalu super,1
ఇటువంటి వాల్లు ఎప్పటికీ నేరుచుకొరు,1
జనాలు తెలివైన వాళ్ళు కాబట్టే ఇలా తిరగబడ్డారు.,1
"AnnA malla reddy NV me college lo  fee thakuva cheyu Chalu, NV kaarmikulani billionaires chesthava ",1
Sollu apara re nee bochu telivi tetalu Andhra Pradesh bagu kosam cheyyara,0
Rakkamma ఉపెస్తోంది సాంగ్ అదుర్స్,1
Sollu puka antha solluu.... ,0
ఓరీ...మీనొట్లో పురుగులు పడా...నోటి క్యాన్సర్ వచ్చి పోతారు...,0
పుణ్యాత్ముడు......ఆయన ఆత్మకు శాంతి కలగాలి....,1
అంత దిల్ రాజ్ బొచ్చుకుకావాలనే ఇంత వెనుక పడి పోతున్నాము మన తెలుగు సినిమా,0
Adhi Show na lanjala kompana,0
సూపర్ గా పాడారు...మీతో ఈ పాట ఐటమ్ సాంగ్ చేస్తే అదిరిపోను,1
nee account report  chepista agu ra puka,0
jai kodali nani meru oka dynamic leader,1
"రేషన్ కార్డు తీసేసినా మనం ఏమి చేసేది లే...
పెట్రోల్ రేటు పెంచేసినాఏమి చేసేదే లే...
 8లక్షల కోట్లు అప్పు చేసిన మనం ఏమి పేకేదే లే... ",1
Bandi oka vest fellow,0
anna creativity ki super. Anna. Ekadavo. Vethiki mari. Pettavu. Nuvu thopu,1
joginder:bhoompak ayaega  deepak: tante ni pellam puku padutavu,0
ఫిరోజీ ఖాన్ కొడితే కేజీ కిందకు దిగుద్ది మీరు ఎన్ని సార్లు మా దేవుళ్ళు ని అన్నారు... నువ్వు కొట్టేదేందీ మేము కొట్టలేమామీరు చెప్తున్నారు... మేము చెప్పటం లేదు అంతే దెబ్బకి దెబ్బ పడుద్ది అంతే,0
ప్రతి తండ్రి కోరుకునేది ఇదే....జగమెరిగిన సత్యం...మీరు సాధించారు... అదృష్ట వంతులు మీరు,1
Srikakulam busstand lo ee ammai ki posting iyyandi amma,1
Asallu emi undi ra swamy jathi rathnallu ... sollu Comedy.  Malli part two ante anthe Katha...Janelle chachipotharu,0
Ravi teja.. the man behind those wonderful memes ..#Raviteja anna ki oka Oooooo...,1
JAI CM JAGAN MOHAN REDDY GARU JAI YSR JAI YSRCP,1
Andhuke cinima utterflop aindhi Nithin anna chala careful ga select cheskovali scripts,1
పెళ్లి గాని ప్రసాదు హీరోలల్లా పెళ్లి కానీ హీరో ఎవరంటే అది ప్రభాస్కు మాత్రమే సొంతం,0
One more flop hero part of Nepotism Gang,0
Deenni chusina prati sari naku penta kurchunna feeling vastandi ,0
useless TRS vallani champidenagli  vallu hindus ey kadhu,0
Muthy garu వీడు జనాలు అంత వెదవలు అనుకుంటున్నాడా…… ఎంత మొత్తుతున్నా ఎవడు నమ్మరు……..,0
Anna Nuv goppa yodhudivi . Entha mandhinaina edhuristhaav . Great anna,1
Chiranjeevi be like : arey em matladuthunnavra,1
"As he is a Hindu, he's fighting against all such stupidism, and it's no where relevant to crossing party line",1
చెప్పినవి చెప్పినట్టు జరిగితే అడగడానికి అపాయింట్మెంట్ కూడా దొరకదు వినేవాడు ఉంటే ఏదైనా చెప్తారు,0
guddha pagaladhenali lonjakodikini,0
ఇలాంటి జీవిత సత్యాలని అత్త లు చూసి కొడలని స్వేచ్చగా బతకనిస్తే బాగుండు మేము కూడా హ్యాపీ బతుకుతం కదా,1
devi Anni adugu bed room lo evaru first,0
దాసరి నారాయణ అనే టైటిల్ ఏంటి ఆర్కే దాసరి నారాయణ రావు అని టైటిల్ పెట్టు ఇక్కడ కూడా నీ బుద్ధి చూపిస్తున్నావు,0
డాన్స్ లో ఆయన్ని మించలంటే మరో చిరంజీవి రావాల్సిందే .,1
అప్పుడు ఎవడ్రా వీడు అన్నవాళ్లంతా ఇప్పుడు క్లాప్స్ కొడుతున్నారు నువ్వు సూపర్ బ్రో  అనంతపురం హరీష్,1
me janasenaki Anta seen Ledu arunA medam,1
Oyc రాజాకార్ aithe kcr dora పెద్ద రాజాకార్,0
Prophet Muhammad even married his own bahu . Zainab was wife of prophet adopted son.,0
Geethakka performance matram apadam ledhu ga.....mental di,0
"Cinema shuting ku అవసరం అనుకుంటా.అందులో సీన్ కోసం ఇలా చేసినాడు కారు మీద పనుకోవడం, overaction erri p** gadu",0
అందరూ రోడ్లపరిస్థితి పైనే మాట్లాడారు ఇది రాష్ట్రం అంతటా ఉంది …,0
Fan రెక్కలు విరిగే రోజు దగ్గరలోనే ఉంది,0
"అన్నీ ప్రభుత్వ వ్యతిరేక వార్తలే.. సామాన్యుడి కి ఈ వార్తలు చూస్తే,
ఆత్మ హత్యే శరణ్యం అనిపిస్తుంది",1
Enti bhaya ala shock ichav ammaikudu la unde vadivi,1
సార్ నాగబాబు గారు మీరు మీ ఆర్థిక పరిస్థితి గురించి ఆలోచిస్తున్నారు అందులోని సాంగ్స్ నా జీవితాన్ని ఒక స్వర్గం లా మార్చాయి సార్ సూపర్ హిట్ సినిమా సర్ ఆరెంజ్ ఇప్పటివరకు నేను ఆ సాంగ్స్ వింటున్నాను మీ వల్ల సూపర్ సూపర్ నాగబాబు సార్ ఈ సినిమా నాకు ఫ్లాప్ కాదు హిట్టు,1
"Meru devudu anna,life long meru healthy ga undalani devudu ki pratistunna",1
"Excellent షాట్,  goose bumps. జై శ్రీ కృష్ణ",1
రజినీకాంత్ గారితో open heart program చూడాలని ఉంది.,1
Veediki inka pani em ledu anukunta bokkalo choreography,0
జానీ మేటర్ చాలా సూపర్ గా ఇచ్చారు గాడ్ బ్లెస్స్ యు,1
"మల్లారెడ్డి గారు రేవంత్ రెడ్డి బ్లాక్ మెయిల్ చేసాడు అంటున్నారు ok అంతే కాకుండా మీ డబ్బులతో బిడ్డ పెళ్లి చేసాడు అంటున్నారు ok  మీరు అతనికి అప్పు ఇచ్చారా లేక భయపడి మీ అవినీతిని కప్పిపుచ్చుకోవడానికి ఇచ్చారా
అంత డబ్బు అతనికి ఇచ్చారు అంటే మీరు ఎంత దోచుకొని తిన్నారో మీరు నిజాయితీ పరులైతే ఎందుకు ఇస్తారు",1
Miru famous ayipoyaru akka,1
సూపర్ అమ్మ మన వూరు పేరు తెచ్చావు,1
Arey pilla bacha nayala niku chaduvu abbaledhu ani chepu direct ga sodhi enduku dengutav,0
ఆలోచన చేస్తున్నాం డ్రామా రావ్ ఈసారి మిమ్మల్ని ఓడించాలి అని,1
oka ammai vi ayundhi illu clean chesthunavu ani complain chesthava siggu techuko,0
Abhaa yenni rojulu ayyindhi  Ilaa chosi idharini,1
అబ్బా సగం నీ సళ్ల కోసమే చూస్తారు ఈ పాటను అబ!!!!!!,0
"blockbuster hit aindhi movie, nikhil saab acting excellent, bollywood lo already dhummu leputhondhi",1
ఇంటర్వ్యూ చూసినా తర్వాత చాలా భాదగా ఉంది.... సమంత గారికి మంచి విజయం చేకూరాలని ఆశిస్తూ,1
గరికపాటి వారు నిజమే చెప్పారు,1
నువ్వు ఎమ్ తప్పు చెయ్యకపోతే వాడు ఇవ్వమంటే నువ్వు ఎందుకు ఇచ్చినవ్??,1
కొట్టించుకుంటే తప్ప ఊరుకునే లా లేవే ,1
Puri sir me flop movies kuda vere directors teese hit movies kante manchi philosophical ga entertaining ga untai. Meetho bagu paddollu mimmalni marchipoyi undicchu sir. But memu kadu. Love you sir. E movie tho Vijay manchi super ⭐️ avvalani korukuntunna 💝💝💝,1
Gounu leduga anduke intlo tongunnadu bayataki vaste ummivestarani,0
మీరు దేవుడు అయ్యా.. ఇంకా మా ఆయుష్షు పోసుకొని 1000 సంవత్సరాలు బతకాలి... ,1
Akariki netho cenema thisina valani kuda vadaladam ledu antha pachipoye edusthunadu yedava,0
Ela lan..i veshalu vesedanni tesukochi TV Lo Pettaru,0
Nu thopu director anna,1
"నేను ఈరోజు మూవీ చూడాలని అది కృష్ణ జన్మాష్టమి రోజు, ఆ కృష్ణుడు డిసైడ్ చేసినట్లు ఉన్నాడు. ఈరోజు మూవీ చూడటానికి వెళ్తున్న",1
అన్న మంచి పని చేసావ్ ఓకే కానీ జన్మనిచ్చిన అమ్మ నాన్న లకు కూడా ఇదే సేవా చేయి,1
"కరెక్ట్ గా, సూపర్ గా సమాధానం చెప్పారు అయ్యన్న పాత్రుడు గారు.
",1
పిచ్చిక్కించే అభిమానం అయన సొంతం జై పవన్ కళ్యాణ్,1
అవసరాల కోసం దారులు తొక్కే పాత్రలు అనే దానికి ఉదాహరణ ఈమె జీవితం,0
"KCR డైరెక్ట్ గా ప్రణబ్ ముఖర్జీ కాళ్లు మొక్కీ నప్పుడు ఏమైoది,",1
"నవ్వించి నవ్వించి చంపేలా ఉన్నారు గా మీరు...
గెటప్ శ్రీను ..Your Awesome...",1
Meru battalu vesykovadam avasarama ra,0
మీరు ఎందుకు గెలవలేదు ఇంత మంచిగా మాట్లాడుతున్నారు,1
నీ judgement కరెక్ట్ గా ఉంటాది బ్రో,1
శ్రీహరి లాంటి మంచి హీరో మళ్ళీ రావాలి,1
నమస్కారం గురువు గారు Super mee speech,1
inka yeppudu marutharu ra meru news chepadam kuda rakapothe channel musukoni velipondi. meeru me chillar news channels. Have some standard u bloody news channels. school kids can have more basic common sense better than your reports.,0
బుల్లితెర జబర్దస్త్ కమలహాసన్ గెటప్ శీను సుధీర్ లేని లోటు ఎవరి తీర్చలేక పోతున్నారు మాకు Miss u sudheer anna,1
E endaku aa Godugu padutunnadu.....itlaanti vaadini ekkada unchalo akkada unchali...YCP vallu ade chesaru....,0
Nu rgv tho denginchukoo,0
raja singh inka subramianchi swai iddaru mosali modda gallu asla mi badha enti ,0
కనపడడు కానీ ....చాలా కన్నింగ్,0
సినిమా తీసి రిలీజ్ అయితే కొన్ని వేలమంది సరుకులు సుడిగాలి సుదీర్ ఒకడుగా చేరిపోతాడు అప్పుడు తెలుస్తది,1
"Oka family motham industry akramincheste prati okkaru ilage matladali ,tappadu.",1
"Sollu cinema, oka move ayina oka splist boxer move ayinatu unda baddakam punch lu, lazyy moves ,",0
Frist vaani bayattaku dhegemanu,0
indiani shake cheyatam api poori di when cheyyi rasam vostsadi,0
ఆమె ధైర్యానికి సమర్ధతకు సెల్యూట్. కాఫీడే సంస్థ ఛైర్ పర్సన్,1
"జగన్ చాలా తక్కువ తింటాడు, డబ్బులు మాత్రం చాలా ఎక్కువ తింటాడు",0
ఓరి ఎవరో అనుకున్న ఈడిక ఇంత బిల్డుపు,0
"TV9: moddalo ethics, nijathyi ni memu pattinchamu",0
Online loo phone book chesthe ipoedhi gaa ,1
modi to kcr : ey ley pilla bacha nayala,0
Ne expressions gudda ni dengaa ne patalu gudda ni denga,0
​wow pawan jee what a idia ur running mak govt with movie style most hilight comedy of pawan garu enjoy jai hind jai jagan,1
OK mari maa sc cast ki esthava siggu undali,0
Telangana Andhra Pradesh me B J P ki Sarkar banna na mumkin hai ye yad rakho,0
మిస్ యు అప్పు సర్... నిజమైన రియల్ హీరో మీరు,1
మీ విజయానికి హ్యాట్సాఫ్ మేడం... ,1
ఆ ఏజ్ లో ఎమ్ డాన్స్ అన్న అది నీ energy కి సలాం అన్న ,1
"బొక్కలోడిది సరదాగా...నా, కాదు...... ప్రేమతో....నీలాంటి పనికిమాలిన వారిని కూడా ప్రేమతో..మాట్లాడడం ఆయన చేసిన తప్పు. నువ్వెక్కడ... మెగాస్టార్ ఎక్కడ.",0
"deniki paniki radu, Nithish become a chapraci to Lalus kotubham.",0
"ఈపాట ఎంత బాగుందో...ట్రైన్ సీన్లో క్లైమాక్స్ లో దీని BGm ఇంకా బాగుంది ప్రభాకరన్ గారు, తమన్ గారు",1
Anthey dhonga mundalu alane chestharu.... Only money chustharu,0
మేడం గారు మీరు మాట్లాడింది 100% కరెక్ట్ మేడం గారు. హాట్స్ ఆఫ్ టూ యు మేడం గారు.,1
Nuvuu edhava sir edhi naa,0
Nuve tedaga mataladutunav,0
Edhi matharam jabardasth lo expose cheychu adult comedy Cheyachu Ari fikudhi,0
ఏందిరా ఇది యూట్యూబ్ అనుకున్నారా ఇంకేమన్నానా ,0
aharapadardhalu chalavu.prakruti kooda sahakarimchutaledu.yidi sentral gavarnament chetilopani,1
Manchu family ni nvve kapadali anna,1
ఆయన కేసీఆర్కు పెట్రోల్ అంటుండు. నేను ఆయన బిడ్డ పెళ్లి చేసిన అంటున్నావ్. రాజకీయం అడ్డం పెట్టుకుని దోచుకునే నాయకుల,1
తాతకు తగ్గ మనవడు సినిమాకు న్యాయం చేశాడు న్యాయం చేశాడు,1
Hero ️ కంటే ఎక్కువ నువ్వు చాలా బాగున్నావూ,1
Puri raasina dialogues mahesh chepthea excellent ga set avthai,1
jagan corporate  ki paniki Radu waste fellow,1
samantha vachi ni payal chikala,0
నీకు మతి మరుపు వచ్చి నువ్వు వర్మ అని మరిచి రోడ్లు వెంట తిరుగు తుంటే ఆకలి కి నువ్వు పడే పాట్లు అనుభవిస్తే ఆహరం విలువ తెలుస్తుంది. ,0
Wow ..real journalist mallanna gariki hattsoff...melaga andaru journalists vuntey asalu corruption cheyadaniki kuda bhayapadtaru anna...,1
Siggu undali andhariki chepadanki thisko Ani,0
సముద్రంలో అలలుంటే అందం మా గుండెల్లో హర్ష సాయి అన్న ఉంటే ఆనందం,1
ఆ పూజ కన్నా ఈ పూజనే బాగుంది..,1
యాంకర్ గారు అసలు మీకు దండం పెట్టాలండి బాబు మీ ఓపిక ఏంటండీ ,1
"Sannasi anagaane Nene ani , mee honesty ki hat's off sir",0
na life lo anna ute nenuu vutha,1
ycp party Roudy Rajyam tharimikotali,1
Kohli lekapote gelvaru ra sullli galllaraa...,0
"KuthA chinchi pari dengutham,",0
evadu gelichina mana brathukulu  maravu,0
jagan lanjagadu e meeting lo emi matladuthado vadike theliyadu ,0
yela vastai ilaanti idea lu…,1
RIP Ap Politicians ....అంత మంది ఒక్కడిని టార్గెట్ చేశారు అంటే వాడు ఖచ్చితంగా వాడి డ్యూటీ చేస్తూ ఉండి ఉంటాడు....,0
"Idemi daridramu ra Anna ? Assalu bharincha leka potunnamu. Veellaku emaina buddhi gnanamu vunda? Vella IQ enta. Mott Amur family kalipi chusina, 100 daatadi emo.",0
sajjanar sir meru great . meru cheshindhi chaala manchi pani,1
Miru chala great man. Simham munduku kukkalu ravu sir. Love you soo much.. Bratiki konnirojulaina ilane vundali.. Love you,1
అదే సీబీఐ అంటే కచరాలకు ఎందుకు బయం,0
siva anna meeru great chala opikatho interview chesaru haatsaup Anna meeru great Anchor,1
Kallu kakulu ethukoni poayayi...JaganBros,0
అవినీతి ఇంకా డబల్ అవుతుంది,1
రాజసం అంటే అలా ఉండాలి..,1
Ekkada bro nuv ee movie chusindi ,1
ఆ ఎక్స్ప్రెషన్స్ చూడు తన ఆస్తి కొట్టేసినట్టు జీవితం ముగిసినట్టు ఈ దరిద్రం రా బాబు,0
Nani anna movie marchukovali,1
తైతక్కకి కూడా పెద్ద బొక్క పడిందంట కదా.,1
I feel like bhuvaneshwarkumar must be dropped from the upcoming matches because he is going for lot of runs in death overs,0
 శంకర్ రావు  జర ని భాష ఏంది బై  ఏం మాట్లాడుతున్నావ్ నీ కెమన్న జర్నలిజం విలువలు తెలుసా ఎంతిట్టుడు అది మార్చు భాష ,1
 Thappem ledu cheppulu andisthe...oka IAS CM kaallu mokkithene anni muskoni unna meeku idela thappuga anipisthundi.. ,1
Mee maata tiru chala baguntadi si,1
Telangana dongalu evaru?... Diniki kuda samadanam cheppandi,1
Dasamagram Datha Puthrudu Gali Pavan puka ga Namakaranam cheyyadi,0
Super cute జోడీ God bless యూ,1
Sudheer gaaru team yekada unna full comedy...perfect time ki set ayyeka comedy chestharu ,1
Ravi prakash vunnappudu. Chaala mandhi House lloki. Veylli. Vaalla bed rooms varaku Veyllaru. Chaala mandhi. Jevitaalato. TV9 lanja channel Ani. Chaala mandhi. Cheypparu,0
ఇదొక ఇంటర్వ్యూ నా waste interview,0
ఎవరు పడారో కానీ బాగా పాడారు great hatsapp sir,1
వేగంగా వచ్చినవాడిది తప్పు,1
tdp lokesh valla modda kudisi poyindhi,0
Pakkaki dengey annadu,0
రియల్ హీరో రియల్ లీడర్ మల్ల రెడ్డి గారు,1
"సిగ్గు లేదురా ఒక చిన్న పిల్లని troll చేయడానికి, గాడిద.......రాజకీయాల కోసం చిన్న పిల్లలనీ కూడా లాగుతరా చీ ని బతుకులు",1
Ippatiki mee anna vinayangaa chethulukattukoni Nilabaduthunnadu,1
Pakkana una athanu car driver anukunta anduke face chupincha ledu dini malli lover Ani cutting gu,0
Venki anna yekkada unna haa Joshi veru,1
"RK garu... Mee questioning bagundhi. But CM ni or Central Minister ni adagalsina questions aduguthunnaru. Overall it's a very good discussion.  My Vakheel Saab thopu, ayana maata muchata vignaanam chaala superb.  Way to go my MLA",1
ఈ కాలంలో ఈ డాన్స్ లా మీద ఉన్న ఇంట్రస్ట్ జీవితాల మీద లేకుండా పోయింది ,0
"Janame kurcho pettaru, mimmalni tharimi kottaru",0
Monal Enduku niku antha over action ha,0
Anchor ki questions adagatam reledhu ......,0
manamu  THE DSP MAGIC ni miss avuthunam in AUDIO LAUNCHES,1
Blockbuster song ni entha direct ga copy kotteaav ga thaman ga ,0
turning thisukuna vadihi,1
నిజంగా మీరు హీరోయిన్ లా ఉన్నారు,1
పవిత్ర  పెర్ఫెక్ట్ డాన్స్,1
arshadeep ni asla enduku tisukonnario telidhu vadiki simple catches kuda vadili dengaru ha moddalo feilding kante pakistan feilding melu,0
నచ్చేసావ్ శ్రీను అన్న... Love u bro జై మెగాస్టార్,1
Lanja laga show lo vunnadhi ani commen scence kuda ledhu ,0
Jungle Naa kodaka .. aa maatallo entha ardham undhandi,0
Chillara vedu,0
పక్కవాడు గొప్పవాడు ఐతే ఇలాంటి ఎడ్చుకునేవాల్లు ఎల్లప్పుడూ ఎడ్చుకునే వుంటారు.,0
ఇదొక్కటే నిజంగా మనస్సులో నుండి వచ్చిన మాట బాబు గారికి..,1
Love cheste chey  ra andharaki chapala nu,0
2024 లో జగన్ జైలుకు పోవడం ఖాయం,0
శ్రీను నీ యాక్టింగ్ అదిరి పోయింది,1
Return lo bocha nuvvu theeskoni unte super laughter vachedhi bro,1
సార్ మీరు 100% కరెక్ట్ చెప్పారు సార్ కాకపోతే ఇండ్ల 100% తప్పు అంటే గవర్నమెంట్ ది ఎందుకంటే అతనికి పర్మిషన్ ఇయ్యడం తప్పు పని ముందు తెలంగాణలో పర్మిషన్ ఈయకూడదు  పర్మిషన్ ఇచ్చే చాలా తప్పు పని చేశాడు ఇన్ని గొడవలకు గవర్నమెంట్ మూల కారణం,1
గంగోలి అంతా చీలీగా తేచ్చిడు.. సర్వనాశనం చేసాడు. గంగోలి,0
Same to same mallanna lekkane unnadi kada nee katha kuda.yeda dorikillu ra sami,1
"బండ్ల గణేష్ గారు బాగా దింపారు సార్,,,, అప్పుడప్పుడు వచ్చి దింపండి కొంచెం వారికి వారిలో నోరు పారేసుకోవడం లాంటివి తగ్గుతాయి",1
ఎంతో నమ్మసక్యంగ చెప్పావ్ సామి.      నీ కామెడీ తో జబర్దస్త్ చూడటమే మనేసాను.....మీరు రాసుకున్న స్క్రిప్ట్ ఇంకా ఫన్నీగా ఉంది,1
ముందు దాన్ని తరువాత వాడిని చెప్పుతో కొట్టాలి,0
ఓపెన్ హార్ట్ విత్ శ్రీ ఆర్కే గారు చేస్తున్న ఈ ప్రోగ్రామ్ అంటే నాకు చాలా ఇష్టం సార్ మంచి మంచి ప్రశ్నలు వేస్తూ ఉంటారు సార్ ఈ ప్రోగ్రాం ని ఆపకుండా ఇలాగే చేస్తూ ఉండాలని కోరుకుంటున్నాను ప్రతి ఆదివారం ఎదురుచూస్తూ ఉంటాం,1
Soolu master of AP.... Goda meda pilli...,0
ఇంటర్వ్యూ మొత్తం మోకం మీద చిరునవ్వుతో చూసినవారు ఎంతమంది,1
Dhini show antara kojja maatalu thapa,0
ananaya panadey ni nuvvu koja la acting neek endhkey cinimalu,0
Jai teenmar mallanna,1
Lokesh anna nuv super anna I am proud of to see you like this way of speech jai lokesh,1
గుడివాడ అనగా ఠక్కున గుర్తొచ్చే పేరు క్యాసినో,0
Pora pavala,0
Nene aythe Ada narukutha vadu guruva,0
100 % cheppav ....nijame bro,1
"Ee muslims minority lo vuntay: secular &equal rights kavali valaku
Muslims Majority lo vuntay :  above equal rights kavali & apudu valaku secularism gurthuradu exampls:keral",1
మంచి వెక్తి చిరంజీవి అంటే ఎందరకో ఆదర్శం,1
"pichi puka adhi wiide ra, nuvvu ni erri puku umpiring",0
అందానికి Adress అనుష్క,1
Jagan dobbindi kanapadada neeku atineetimantuda,0
Goppa vaari kadupulo.goppa vaare pudataaru.anna maata mea visayam lo corect,1
Prabhas anna and mahesh anna iddari combination lo Manchi pan Indian movie cheyali peda hit koduthe  dimma terige povali iddari acting addarakottali,1
ఆంధ్రప్రదేశ్ ప్రజలు మారాలని మార్పు రావాలని కోరుకుంటున్నాను,1
నేనైతే ముందే ఛానల్ మార్చేస్తా ,1
Ma daridram vadili poindi ra babu.,0
Students tho adukovtam thappu,1
ఈ మధ్య ఇది ఒక ట్రెండ్ అయిపోయింది వేరే వేరే పార్టీ వాళ్ళను తిట్టడం వీళ్ళు పాపులర్ అవ్వడం. ,1
"రాజ శేఖర్ రెడ్డేమీ ప్రజాక్షేమం కోరే గొప్ప మనసున్న మనిషి కాదు. ఆయన “మహా మేత” అయితే, ఆయన కొడుకు జగన్ తండ్రిని మించిన “మహా మహా మేత”.",1
Telugu rastrala nayakulu matlade matalaku pichilestundi,0
Mi vamaham mohanbabu vamaham tarvathe ra sollu ga,0
Nijam ayyina reddlu tdp ki support ga undali,1
హీరోయిన్ vere vallani తీసుకుంటే baagundedhi,1
దమ్ము ఉన్న రాజు  మా రాజన్న,1
Vagdhevi nuvvu heroinega prabhas gari tho heroinega cheyyandi superga vuntundhi PRABHA VS VAGDHEVI,1
nuvvu poyi ktr gudda naku jai bjp,0
సినిమా చాలా బాగుంది... సూపర్బ్...good film,1
Aslu em show lu ra mei west gaa me vala socity Agam patisunaru chatha gaa,0
Vedava ki brand ambassador sir miru,0
అందరూ కష్టపడతారు.. వాళ్లు తినడానికి ఉండడానికి సరిపోతుంది.. కష్టం పేరు చెప్పు నీలాగా దుర్మార్గాలు చేసే వాళ్లే పైకి వస్తారు,0
"Ekkada stop chesado akkade kottesthadu ,virat Bhai ki telusu othidi Ela thattukovalo",1
ఇంద్రజ గారి ఫాన్స్ ప్రోమోలో ఇంద్రజ గారు సూపర్బ్ టైమింగ్ ,1
Yerripooka,0
రోజా నా ముందుకి వచ్చి చూపించు నీ మిడిల్ ఫింగర్ ,0
"అచ్చం అమ్మ లాగే వుంది, ",1
అంకుల్ అంకుల్ యోగితో పెట్టుకోవద్దు అంకుల్ వ్యాన్ తిరగబడిపోతాయి,1
ఈ మాట చాలు. ఈ ధైర్యం చాలు. ,1
meru superr andhra gurchince koncham careing im haapy for that keep supporting,1
Employees ki antha salary lu vasthuna chalatledhu ante mari nonemployees ami chey,0
Mundu metro edavaligaa ap ki inko 20 years inaa raadu,0
Hope Yashoda will be a very good comeback for Samantha garu to the mainstream,1
Mee mother kuda inkokariki aunty a raa chetta dikkumalina Pata,0
మూవీ మామూలుగా తీయలేదు,1
Rey apara nee thelivithakkuva matalu,1
"karthikeya masth cheppinddu, sudheer miru jabardasth ki belong avvaru,dhee ki belong avvaru, ma audience ki belong avutaru ",1
Vast gada eda pora ne voice vanta mantal vastanda,0
ఈ కాలం లో ఎక్కడా కనిపించని వోణీలు,1
నాగరాజు దూల తీర్చిన గణేష్ గారికి నా హృదయపూర్వక ధన్యవాదాలు,1
Sati ni interviews chuse vallu ipudu evaru leri,0
Ary west lanjakodukularaa.....,0
e video chusina tarvata ilanti manchi manushulu untara ani chala santhosham anipinchindi,1
jagan anna ni gothu ela vuntahi ante notlo pasipoyi modda stuck ayitadhu vuntadhi,0
your flow and bgm super bro chinchesav,1
Backside వెనకమాల backside scope scope కరో సంక నాకు ఎస్తున్నడులే ఎనకనుంచి,0
Ori shankari neku party salary esthundi kani maku jabs esthaledu ra,1
Nee bonda... pelli ayyaka vidipovatam kante munde vidipovatam manchidi.. nuvvu nee dikkumaalina news.,0
"Telugu prajalu chaala ardusthavantadhulu manaki  garikipati Garu dorikinanduku
",1
nuv chance isthe vadu ni mokam midane kottesthade,0
పథకాలను పేరు పెట్టి జనాల్ని డబ్బుతో కొనేస్తున్నాడు,0
"దీనికి చాలా బలుపు. పొగరు. అందుకే దీనిబ్రతుకు ఇలా ఉంది. ఆయన అంత ప్రేమగా మాట్లాడినా ఆ గౌరవాన్ని కూడా తప్పు గా అర్ధం చేసుకునే ఇలాంటి దరిద్రపు ముండ లని దూరంగా ఉంచాలి.
",0
సుధీర్ అన్నా మీరు ఎదుటివారితో మాట్లాడే విధానం చాలా బాగుంటది అందుకే మీరంటే అందరికీ ఇష్టం ఎంత పైకి ఏదిగినా ఇలాగే వుండాలి,1
నాకు పెద్దగా పోలీస్లూ అంటే నచ్చరు... కానీ మీకూ నా హ్యాట్సాఫ్ సార్... మీలాంటి వాళ్లు అన్ని చోట్ల ఉండాలని కోరుకుంటున్నాను,1
malla reddy peddha erripuku gadu clg motham scam,0
Devudu...devudini chudafaaniki enduku raaraiah,1
కృష్ణం వందే జగద్గురుమ్,1
ఎవ్వరెం అనుకున్నా నిజాన్ని నిర్భయం గా చెప్పడం లో మీరు తగ్గేదేలే గురువు గారు,1
అన్న కరెక్ట్ చెప్పినవ్ మొన్న యూపీ ఎలక్షన్లో నీవు వచ్చింది మమ్మల్ని హెల్ప్ చేసినావ్ ఇప్పుడు మేము తెలంగాణకు వచ్చి నీకు హెల్ప్ చేస్తాం బిజెపి ఎంఐఎం రెండు ఒకటే అన్నా చాలా కరెక్ట్ చెప్తున్నావ్ అన్న సూపర్ అన్న థాంక్స్,1
అదానీ అంబానీలను అడిగే దమ్ముందిరా మీకు లఫూట్,0
Real joker re unnadu kada malli sir ,0
సార్ మీరు మా ఫెవర్ సార్,0
"Knowledge is డివైన్, ఆకలి తో పోయిన పర్లేదు బట్ ఆత్మగౌరవం పోకూడదు      వావ్    నైస్  quotes",1
రారా మావా మనదంతా ఒకే కాలేజ్ రా మావా నేను నీ సీనియర్ని రా,1
అనంతపురం లో పుట్టినందుకు గర్వంగా వుంది నాది తాడిపత్రి నియోజకవర్గం శ్రీరామ్ అన్నకు ఓటు వేసే అవకాశం లేనందుకు బాధగా వుంది. జై పరిటాల,1
నువ్వు చెప్పేది కూడా మాకేం అర్థం కాలే ఫాస్ట్,1
నా పేరు గుండురావు చదవలేదు చదువురాదు చదివిన రాలేదు,0
Ntr ani ఏక  వచనం ఏంటి సార్ రెస్పెక్ట్ ఇవ్వండి ఎన్టీఆర్ గారు అని పిలవండి,1
"కెసిఆర్ గారు ఎంతగా అసహనంతో ఉన్నారో తన మాటల వల్ల తెలుస్తుంది. నిజం చెప్పాలంటే, ఉన్న చిన్న జీవితంలో హాయిగా జీవించిన వారిదే అదృష్టపు జన్మ.",1
Craze aa nijaythi undi anna  adi telusukuni matladu anna,0
"ఇందులో ఏ ఒక్కోడికి కూడా జనగణమన, వందేమాతరం ఎవ్వడికి రాదు. పైగా ఎదవ స్పీచ్ లు.",1
మీరు మీ ఫ్యామిలీ తగలెయ్య ఎక్కడినుండి  పుట్టాడు రా మీ అందరూ మీరు మాట్లాడే భాష అసలు ఆ చిరంజీవి ఫ్యామిలీ దగ్గర మీ ఫ్యామిలీ ఎందుకు పని చేస్తుంది రా వెర్రి వెంగళప్ప నువ్వు నీ మాట్లాడను,0
ఈ వీడియో తరువాత నేను నుకు పెద్ద అభిమాని అయ్యాను బ్రో సుపుర్,1
"Ok Andi Mari vallu sampadinchukovadanike ga ,vallu hero avadanike ga , maku 3 or 4 avutundi office nundi camp nundi ravadaniki  adi ma family kosam andaru ante, javan lanti valla to manakenti polika",1
వీడు సగమే పెరిగిన గ్రహాంతర వాసి లెక్క ఉన్నాడు,0
ilanti panikamalina vallanu interviews cheyakandi plz,0
Sethamma vakitlo serimalle chettu  nenu 9th  lo unnappudu vachindhi nen 9times chusna ade the best  movie Nadi,1
"Adhe better, anthe kaani life long savings one day lo waste cheykudadhu , lifelong entha karchu avthundho, aa oka roje antha karchu pedathaaru chaala mandhi",1
ఇది ఆ ఏరియాలో చిరు అండ్ జనసేన ఓట్లకోసం ఈ స్టంట్ erri pu gadu,0
Pilla pu AAthulu,0
Koja valla number untyy send me,0
Rgv tho vaka interview plan chesthunava nuvu kuda,1
Inkenni rojulu wait cheyali bro,1
RAJAKEYALU.HAMELU.NERAVERAKUNTE.VEPAKCHALU.AKADA.PRAJALU.NELADHESHTHAR,1
Good అండి గీత కృష్ణ గారూ మంచి. ఇంటర్వ్యు,1
Media devolop అయ్యాక ప్రతి అమ్మాయి హీరోయిన్ అని అనుకొని చేసే performance trolls కి బాగా ఉపయగపడుతున్నాయి.. ఇన్ని క్లిప్పింగ్స్ కలెక్ట్ చేసి ఒక similar video చేయడం great.,1
రకుల్ రావు.... మీ అయ్య గాడు మీ ఎమ్మెల్యే లకు కలవడానికి పర్మిషన్ ఇవ్వడు కదరా..బ్రోకర్ గా,0
బాబు గోగినేని హిందూ మతాన్ని బాగా చులకనగా మాట్లాడుతున్నాడు. ఒక్కసారి బాబుగోగినేని తో రాజా సింగ్ తో లైవ్ పెట్టిస్తే బావుంటుంది,1
ఈ సాంగ్ 10 సంవత్సరాల తరువాత చూసినా కూడా అదే ఫీల్ ఉంటుంది... Heart touching song,1
వెనక వేసింది కాదు గాని.. ఎంత ఖర్చు చేస్తున్నాడో చెప్పు అమ్మ,1
ఒకటి మాత్రం నిజం కోహ్లీ ల శ్రద్ధ అంకిత భావం నిరంతర శ్రమ ...ఒత్తిడిని జయించడం ఇవన్నీ నేటి యువతకి ఆదర్శం .... యువ ఆటగాళ్లు కి కోహ్లీ ఒక రోల్ మోడల్,1
 తెలంగాణ రాష్ట్రం లో rsp గారు ముఖ్యమంత్రి అవ్వడం ఎవ్వరూ ఆపలేరు. ,1
Comparing every single bok gadu with Pawan Kalyan,0
Kavya చాలా అమాయకురాలు.,1
Verry pappa akhil,0
"Idhi kadha ...kavalsidhi...
Jai kcr",1
PK navu janmmalo ward member kuda Kaledu,0
ఏం చెప్పాలనుకుంటున్నారో సమాజానికి,0
Padavi kulaniki kaadhu sir.... Capability and charector unna manishiki..... Stop talking about caste,1
vadi antha chetha lovda cm ni nenu intha varaku chudaledhu bhayya,0
నాకు పిచ్చిలేదు కానీ పిచ్చి మైండ్ వుంది,0
Bro neku rip date daggaraku vachesindhi,0
"అంతా సోది చెప్పారు కానీ అసలు ఆమె అతని పైన ఏం మాట్లాడిందో చెప్పలేదు.
ఇంతకు అతనిపైన ఆమె చేసిన కామెంట్స్ ఏంటి",1
VD gudda mi ekkuva attidude andheukey movie assam ki dengindhi,0
"Cheta రాజాకీయలు cheyakandi ra babu, meru me chetha govt, ganguly nvu BJP tho కలసి నటించిన సినిమాలు edi",0
Anna miru thaggadhu miru thopu Mi tharvathe avaraina,1
oka Vela aa horn vinipinchakapothe,1
baga chepparu nani anna meru correct,1
Donganakodukulu ma mallana vadu chetha butta dabbulu erukoney rakam,0
Devudu lanti manishini cheda dobbataniki anni times kalavataniki try chesava....... Niku dandam thalli God lanti manishi life history lo oka mark laga unnav.....,0
నవ్వలేక చచ్చాను,1
దేనివల్లనష్టపోయడంటే(ఆరెంజ్ )సినిమావల్ల తరువాతపవన్కళ్యాణ్ save చేసాడు,1
ఒరేయ్ టాప్ టీవీ ఓడ bsp పెట్టలేదు  ఉచ్చ పడుతుందా,0
Kutha chilchhii Pagaal dhangaav aani ardam,0
Beautiful గా చెప్పావ్ రాజా,1
", Ass-oya Aunty and Snow Aunty manchi vallu",0
మీ మనో ధైర్యానికి మీ సమర్ధతకు నా జోహార్లు.,1
ADHI....మతాల మద్య చిచ్చు పెట్టే ఎదవల ను..వాల్లు నమ్మిన దేవుడు కూడా క్షమించడు...జైహింద్...జై శ్రీరాం,0
"ఆ తల్లి మాటల్లో ఎంత అర్ధము వుందో, అంతే ఆవేదన కూడా వుంది. ఆ కుటుంబానికి అంతా మంచి జరగాలి.
",1
జగన్ పరువు మోడీ పరువు కాదు అక్కడ పోయింది విపక్షాల పరువు ఆ మూర్ఖులకు ఇంకా అర్థం అవ్వట్లేదు,0
saar k bayam chicchukocchindi anduke peg esukoni vachhi loda loda notiki vacchindi vagutunnadu,0
Telangana gujju gulam kadu,0
Romance kuda cheyyandi siggu lekunda,0
జగనన్న పేద ప్రజలకి కంచములు అన్ని రకాలు వంటకాలు వడ్డించి తినండి అని పళ్లెంలో పెట్టి పేద ప్రజలు అందిస్తుంటే అది పదివేల కు నచ్చట్లేదు అని ఎక్కడ మరిచిపోతారు అని చెప్పి పనికిమాలిన మాటలు చెప్పి జనములోకి వస్తున్నారు వీళ్ళకి జగన్ అన్నకి జగమంత కుటుంబం అని వీళ్ళకి కనిపించట్లేదు వీళ్లకు తోడు చిన్న పిల్లలు మైండ్ మెచ్యూర్ అవ్వని పిల్లలు ఈ పార్టీలో తిరిగి ఆ భవి ష్యత్తుని భవిష్యత్తు పాడు ,1
Dayachesi. Ali ki anchoring ivvakandi,0
Po ra Rey po raa edhava sodhi ekkuvaipothundhi insta loo,0
ఈ తొక్కలో సెక్యులరిజం వల్లే బియ్యం డబ్బాల్లో దాక్కుని చస్తారు తర్వాత,0
పిచోళ్ల గురించి వినడమే కాని చూడటం ఇదే ఫస్ట్ టైం ,0
Punching falaknama tho easy kaadhu,1
భరత మాత ఒడిలోకి ఒరిగి పోయాడు. ధన్యుడు అమర్ రహే. మళ్ళీ ఒక సైనికుడు లాగ పుడ తాడు.,1
Abba pk anna ventane photo digudhamu ani ante nivedha akka expression chudali️. Jai pspk,1
Adi aunty na leka gay na,0
600 ఏకరాల భూమ్య ?!?!? ఇక్కడ ఎంతోమందికి ఒక గుంట స్థలం లేదు!! అక్రమాస్తల లో మల్ల రెడ్డి ఏక్ నంబర్ చోర్,0
Thanu hug theesukone style lo kuda friendlyness undi thappa lust ledhu ...,1
yogi yogi na moddalo yagi mi up ekkada kerala ekkada mi vallani english kuda radhu rowdy moddalo metho maku comparision enti,0
సూపర్ అండీ ఆదిగారు.. చాలా బాగా చెప్పారు.. మీలా ప్రతి సెలబ్రిటీ ఆలోచించాలి..,1
RK gaaru pedda kulagajji gaaru,0
ప్రభాస్ గారికి ఇంతటి చీప్ ఫ్యాన్స్ ఉన్నందుకు బాధపడుతున్నా,0
Madam miku first ga miku మా హృదయ పూర్వక వందనములు.మీకు లాగా అందరూ I.A.S. and I. P.S. officers ఉంటే ఈ సమాజం కొంచెం అంటే కొంచం ఐనా బాగుపడుతుంది మేడం గారు.,1
Manchi Pani iyendi neku rakapovadam,0
Assalu monna vachina Khiladi cinima lo anusuya matram hot hot ga ichi padesindi..anthe,1
దేవుడు ఈ మనిషిని ఈ లోకంలో కి పంపేటప్పుడు నిజం మాట్లాడాలి అనే ఆప్షన్ Disable చేసి పంపి వుంటాడు,1
అసలైన జాతిరత్నం మన డైరెక్టర్ గారు అన్న వాళ్ళు ఒక లైక్ కొట్టండి,1
V6 ఛానల్ అంటే ఇంతకుముందు చాలా గౌరవం గా ఉండేది ఇప్పుడు బిజెపి డబ్బా కొడుతున్న ఛానల్ ఈ ఛానల్ వివేక్ ఛానల్ సేమ్,0
ముందు సరిగా మాట్లాడటం నేర్చుకో ముందు నువ్వు గెలుపు గెలవక పోతే నీ పరిస్థితి ఏంటో?,0
 Niku kcr eche salary kuda mem pay chese tax ee ,1
"తెలంగాణ వచ్చాక , పేదల బ్రతుకులు మారుతాయనుకుంటే ,MLA జీవితాలు మారాయి ,ప్రతి MLA కి వందల ఎకరాల భూములు అందులో FARM హౌస్ లు.",1
అరేయ్ మల్లారెడ్డి నువ్వు పైసలు తీసుకోకుండా ఫ్రీ గా తయారు చేస్తున్న వరా హైదరాబాద్ మొత్తం భూములు దొబ్బవు,1
Prabhas ki elanti cheep unnanduku  chala badhaga undhi ,0
Saami... Kadha kannaa venakaala nuvv cheppina vivarana baagundi…,1
Ippudu ekkadiki poindi ra Telugu bhasha mida unna mi abhimanam ,0
City akka Bala vastaaru akka miru mi out fit super ga akka love you so much akka,1
Nilanti varu okkaru unna mana Desham baguntadi,1
టీవీ ఫైవ్ ఎప్పుడు తప్పుడు ప్రచారమే,0
సూపర్ డుపర్ హిట్ మూవీ థాంక్స్ జీవిత గారూ,1
Tension lo silent lo pettadam marchipoyindhi,1
"అంబటి గారు బాగా చెప్పారు, ముందు చెప్పిన ముగ్గురు దద్దమ్మలు కాబట్టే డేట్లు చెప్పారు. నువ్వు గొప్పొడివి సామి.",1
Over action chayakandi ra pal laga migilipotaru,0
అయ్య ఎంపీ గారు నీ మీద వీడియో ఎవరో కుట్రలుచేసి వైరల్ చేస్తే నువ్వు కేసు పెట్టాలికానీ ఎవడో అభిమాని కేసు పెట్టుడేంది ఖవరింగ్ లొద్దు,0
"మెట్టు theskoni kottandi, okka jobs ledu, devlopmet ledu, asalu డబ్బులు veyydam votes kosam pedda scam idi",0
"పతనాన్ని కోరి తెచ్చుకోలేదు , ఎవరు ఏమి చేయలేదు  .. అంత ఆ  దేవుని కృప... ప్రభు ఆశీర్వాదం .",1
No1 broker raa nuvvu,0
Son of india ticket booking records ni baddalu kottaalani asisthunnanu,1
sir meeru vastee alochinchadaanikeee chaala best future for our generation.... ee musali dhopidi politics poovali,1
అబ్బా అబ్బా రోజా కి దిమ్మ తిరిగి కౌంటర్ ఇచ్చారు,0
news valu pen undani rayatam manchidi Kadu,0
Macha anna lo oka singer unnadu.....bayataku rappinchandi bayya......macha anna oka famous singer avuthaaru,1
ఆది రాజకియం ఇది వ్యక్తిగతం,0
అన్ని పాటలకి ఇదే స్టెప్స్ హా,1
Mundhey potharu ani telsinapudu muhurtham pettina yogi mve flop ani vaallaki cheppadam nek telidha,0
మోడ్డ నోట్లో పెట్టి దెంగాలే,0
శ్రీముఖి బర్రె గొంతు chala irritated ga undi,0
నువ్వు మా పాలిట దేవుడు అన్న,1
Ikkada konni Snow Kukkalu morugutunnay,0
Suma akka meeru cooking show kuda anchoring chesthe chala baaguntundi,1
Ippudu unna vedavalaku yemi telusu anna chiru.,0
Nenu kuda yedi chesina moodurojula muchatalaagane vuntadi sir continues ga 21 days chesi life long habit ga chesukundamu ante avvatamle,1
"Anna I want to say one thing.u say mind-blowing truths love u brother .keep it up, I really proud of you bro .",1
"ఇలాంటి పిచ్చి పట్టిన వాళ్ళ గురించి మాట్లాడటం ఎందుకు, అంబటి గారు.వదిలేయండి",0
asla kl rahul peddha bogh na koduku adatham radhu em radhu,0
చెయ్యి దొరకాలి గాని వదలడు.. అదే గొప్పతనం,1
Roja chala goranga ayipothundh,0
Hi akka nen nunnu chusanu,1
చిరంజీవి గారికి  సూపర్ తమ్ముడు  పవన్ కళ్యాణ్ గారు.మోహన్ బాబు గాడికి కరెక్ట్ మొగుడు పవన్ కళ్యాణ్ గారు,1
నందమూరి వారు ఎప్పుడు నిజాయితీగానే వుంటారు అభిమానులు బాగాచుసుకుంటారు గౌరవిస్తారు,1
Kaveri jah kadu ra adi evarro kudo teliduuu jafa,0
Ntr garu miru chala pedda artist. Matldalisochinappudu.thagginchi matladandi. Adigunapudu odiguntame manchidi.,1
Kirrak movie cinema gurinchi bad ga anakandi jai mahesh anna,1
So much transformation in శ్రీముఖి.  Very good anchoring...,1
​venkata reddi yadava ninnu cheap gah vallu kanapade thantharru take care,0
snow family ela bathukundhi ante burdha pandi bathukundhi nenu bathuthunnanu,0
stalin chaala  manchi leader tn people are very luckey,1
Em parva ledu e Narayana college valla entho Mandi pillalu chanipoyhunaru,0
Guruji meeku evvaru saatiraaru Johar Dasari gaaru,1
సిద్దార్థ్ రెడ్డి గారి మాట్లాడే విధానం నాకు చాలా ఇష్టం,1
Orey pichi ka paul ekkada nuchi dengay already AP jagan tho almost nasitam ayindhi malla nuvvu next cm ha po ra pichi yedava,0
Brahmi ekkada untee akkada comedyy,1
Bokka laga vundhi movie 2 nd half lekapothe movie oka sari kuda chudalem,0
రోజాకు మంచి కౌంటర్ ఇచ్చావ్ అక్క ఏమి ఇచ్చావ్ అక్క,0
MA charan annayya baghunnadhu love you dad,1
putin valla motham lokham lo inflation periginglu vadu cheshina langa paniki memu suffer avvuthunam,0
అన్న నువ్వు ఇదే fire తో continue అవ్వు. ఈ fake Youtubers and Travellers ని అంతం చెయ్యాలి. వీళ్ళ వల్ల ఎంతో మంది Unique content క్రియేటర్స్ కనుమరుగవుతున్నారు. You just keep going bro,1
Raju Garu me pandula gumpulo pakka state party laki kuda techukuni poti cheyandi adangi vedavallara simham single jagan single ga vostadu meku dabidi dibide,0
ఎన్టీఆర్ ని చూస్తుంటే తన నటన కోసమే వెండితెర పుట్టిందేమో అనిపిస్తుంది,1
సూపర్ బ్రో నీ ఏడుపు నాకు బాగా నచ్చింది,1
ni pellam puku denugutha  ma anna annavu ante,0
Siggu undali ra,0
రేయ్ troll గాల్లారా మీ బ్రతుకంత పక్కోడిమీద పడి యాడవాడమేనారా,0
Venky sir ki assalu ego anedi leneledhu sir ur super man,1
మళ్ళీ వైసీపీ గెలిస్తే ఆంధ్రప్రదేశ్ ప్రజలు అడుక్కు తినాలి నూటికి 200% ఇది నిజం,0
పవన్ కళ్యాణ్ మాటలు చాలా అద్భుతంగా మాట్లాడు ఆ మాటలకి మోహన్ బాబు కి చెమటలు పట్టడం చూసాను,1
Frist time chusthunnara rgv okarini ela unnaru ani aduguthe,1
నువ్వు చెయ్యకుర puka,0
మీరు మాట్లాడిన మాటల్లో 100 percent నిజం ఉంది..,1
సిగుండాలి కూసింత.. ఛీ ఛీ ఏం బతుకులే మీయి,0
Ma city lo every 1 km lopala 3 wines vnayi last 2 years nundi... licences Ela padithe alaa evhesaru...Iast elections lo TDP ki vote vesinanduku nenu chala badhapadatananu,0
To be frankly host kante chay chaala humble ga react ayyaru ... really love his nature,1
"మంత్రికి మైండ్ బ్లాంక్ అయ్యింది ... ఆదారాలతో అడ్డంగా దొరికారు ... సానుభూతి కోసం దొంగ ఏడుపులు ఏడుస్తున్నారు ... ఛీ ఎం చేసుకుంటారు అంత అడ్డంగా సంపాదించి...
కొంచెం మంచి పనులు చేయండి సారూ.",1
హలో మేడం ఉపేంద్ర ని తక్కువగా చెయ్యకు .... నీ న్యూస్ చెప్పుకో..ledha davada pagalipotundi,0
బాహుబలి వినాయకుడు పెట్టినప్పుడు నోట్లో ఏం పెట్టుకున్నారు ....,0
నీకు అసలు ఉంటే కదా రా సిగ్గు నీతో కూడా చేస్తాడేమో ఇప్పుడు chi,0
Cheyi vadulu raa babu...4 peli cheskuntava emi,0
Appudu me nanna kapadindu yanni thappulu chasina... Ur father knows your character andhuke nuvvante ayanaki estam ledhu..,0
Gundu Babu esari neku gundu sunna vasthundi no winnings,0
He has more talking power Aina daivajanulato anta easy kadu mari,1
ఇదేదో జాలిమ్ లోషన్,1
ఎన్ని కష్టాల తర్వాత happy వస్తుందో తెలియదు బ్రదర్ కష్ట జీవులు,1
రోజక్క నీకు ఉందిలే ముందు కాలం బ్యాండ్ బాజా,0
"సుమా గారు మీరు మాములుగా చేసినా చూస్తాం,  ఓవర్ యాక్షన్ బాగా ఎక్కువ అయ్యింది, మీ వల్ల రేటింగ్ రావట్లేదు ,  ",0
సూపర్ అన్న సాంగ్ ఎన్నిసార్లు విన్నాను నాకే అర్థం అవ్వట్లేదు,1
శేఖర్ మాస్టర్ కంటే కూడా దీపిక డాన్స్ చాలా బాగా చేసింది ,1
కుదురుగా కూర్చో అన్నయ్య ఎందుకు దూల పనులు నీ వల్ల ఎలాగో ఏ ఉపయోగం లేదు ఆంధ్రాకి,0
gangam style moddalo paata naku mic mokam dengali anipistahdi,0
Trs ku support cheste nuvve,1
​నీ మొఖం.పనికిమాలిన న్యూస్,0
"మంచి చేసే వాళ్ళని మన జనం నమ్మక పోతే, ఇంక దేశం ఎలా బాగు పడుతుంది.",1
గర్వాంగా ఉంది అన్వేష్ నువ్ మన భారతియుడు అయినందుకు శభాష్ తొడకొట్టి చెపుతున్న ఇండియా లో పుట్టటం ఎన్నో జన్మల పుణ్యం,1
City akka supper,1
కావాలని తాగిస్తున్నావు కదా రోజా,1
Mimmalni chustunte Allu ramalingayyagaru comidy chusinattu vundi malli,1
 రఘు. మల్లన్న నే లోకం అన్నట్లు చేస్తున్నావ్..  జర వేరే చెప్పు.. ,1
Vache election tarvatha nuvu ekkadiki veltavo chudam go to assam sir,0
Super bro ne channel 1stime chustunna super video e content meda akkuva videos chey bro channel no1 avutundi,1
రాజు ఎప్పుడూ రాజులానే మాట్లాడుతాడు...జై ఆర్ఆర్ఆర్...,1
same nen ade anukunna,1
లుంగీ బాబా ఆశీర్వాదం ,0
sollaapu saroja,0
ఏంటి ఇంట్లో అందరూ బ్రహ్మోత్సవం సినిమాకు వెళ్ళారా,1
Nenu ithae thinevadini inthsepu chudanu,1
"Nuv Amina chIa ra ,
Buffalo",0
గ్రేట్ సార్ రియల్ ఫైట్,1
Nee knoledge motham okka kulam okka partini meeda padi edavadanikee saripoindi... Vaallu nee intivaalani edinA chesinaara???? Durmargula panini divert chiiyadamkosam screen meedaki osthavu..... Karma.. Nuvve alochinchuko undavalli...,0
Naku chala istam anasuya,1
Vadiki scene lekunna cinema teesinpellam pillala life nashanam chesadu...vadini pogadaksina anta scene ledu...valla family interview lo enta badha paddari chuste ee elevation undadu,0
ఎక్కడ దొరికిందయ్య సామి భలే పోచమ్మ బాగా ఆడింది బాగా ఆక్ట్ చేసింది,1
వీళ్ళని నెట్టేసే వాడెవడో చూడాలి,1
Bro vaadi height entha bro.... sampu kante comedy ga vunadu ...,0
రియల్ డ్యాన్స్ బ్రో అధరగొట్టారు,1
Andhra police meedha eppudo nammakam poyindhi..,1
Venkatesh Gaari Mature Quality Entante. ippatiki New Born star laaga Kamal gari meedha Unna Fanisaani Choopistunnaru. Salute To u Venkatesh Garu,1
Trs vallu esthalera dabbulu ra sale,0
మాకు ప్రాబ్లెమ్ వస్తే ఢిల్లీ వెళ్ళాము ఢిల్లీ మా దగ్గరకు వస్తుంది మాట మీద నిలబెట్టుకున్నావు అన్నయ్య ,1
"Cinema karchulakantey, ee karchule ekkuva papam producers ki",1
kamam thagginchuko ra,0
Katam hogaya narayana pedda bokada college,0
thu bandhu lu andaru rythulaku echinattu andaru dalithulaku dalitha bandhu estara..meeru m ina mee own amount estunnara ma amt make estunnara..,1
దత్తపుత్రుడికి ఇంకా సిగ్గు రాలేదు,1
తెలుగు లో మాట్లాడడా .. అది జగనీస్ కదా .. !! కొంప తీసి రమణ గారికి జగనీస్ వచ్చేమో !!!,1
Wow super sir e cinema chla pedda vijayam avvli me fans ki panga chesukovali sir hbd sir,1
"Akhil, Shiva good players.. చాలా బాగా ఆడుతున్నారు..i like Akhil and shiva",1
"ఆంద్రాని వెనిజులా,శ్రీ లంకల చెయ్యాలి అని కంకణం కట్టుకున్నాం అన్నమాట",1
ఈ కంటెంట్ లో చిరంజీవి గారి వాయిస్ చేసుంటే ఇంకా బాగుండేది.. స్కిట్ మాత్రం సూపర్,1
నటసింహం నందమూరి బాలయ్య కు తిరుగులేదు. Blockbuster pakka. జై బాలయ్య జైజై బాలయ్య,1
Rey me self dabba apandi ra babu …. Elane late chesi janali yadavalni chestunnaru… mundu arrest cheyandi,0
ఈ యాం కరు గారు  ఎంత బాగుంటారో చెప్పనలవి కాదు.  నాకు ఎంతో గౌరవము ఇష్టము; ఈమె ఇంకా ఇంకా కనిపించాలని నాకు ఆశ,1
"మీడియా వాళ్ళు ప్రజలకోసం పని చేయండి, మీ ప్రయోజనాలకోసం సెలెబ్రిటీల వెంబడి పడితే జరిగే పరిణామాలు ఇలానే ఉంటాయి.",1
e 75kurma bharataswatantra desaniki nizamaina geept ichchavu. anna nuvvu... desamloni prathivaadu garvapadela vundi....,1
మీలాంటి  వారు ఉంటే ప్రతి సామాన్య వారికి  న్యాయం జరుగుతుంది. Salute sir,1
jagan oka erri puku gadu vadu vadi modalo paripalana,0
ఆంధ్రప్రదేశ్ ఇసుక మాఫియా డాన్ జగ్గు భాయ్.,0
సినిమాని ఎంత అందంగా...ఎంత హృద్యంగా...తీయవచ్చో....తీసి నిరూపించిన హను రాఘవపూడి గారికి శిరస్సు వంచి కృతజ్ఞతా భావంతో నమస్కరిస్తున్నాను.,1
ఆ అబ్బాయి సంతోషం చూసి మా కళ్ళల్లో నీళ్ళు వచ్చాయి,1
అందరికీ అర్థమయ్యే భాషలో చాలా బాగా మాట్లాడారు సర్....,1
Arey ho sullaiga net ldhu kdha etla open ithdhi rah pukaa,0
itlantivi cheppi hostels lo undevallani Inka cheda dobbandi ,0
టెక్నాలజీ పెరిగిన కొద్ది సెఫ్టి తగ్గుతుంది. హెకర్స్ సులభంగా దోచుకుంటున్నారు,1
Ithea meeru yemi chei leru Ani opukunaru santosam ithea meeru cheappe sollu ennalu vinnandhuku memu sannasulam kaani memu 2024 lo maa vote tho cheigalam,0
దిక్కుమాలిన ప్రభుత్వం..బీజేపీ కి నంబర్స్ లేక పోతే నువ్వు నీ కూతురో నో పోటీచేయ వచ్చు కదా,0
Dear chiranjevi sir meku yavaru blame chasina ne kosam memu unamu ee pranam unanta varaku,1
jennifer aniston nuvvu andari gudda nakutavu,0
సీనియర్ కాబట్టి కేశినేని గారు CBN కి ఇస్తే బాగుంటుంది అని జయదేవ్ అనుకున్నాడు.. ఎవరిస్తే యేముంది లే.. నువ్వే ఇవ్వు అని నాని వెనక్కి జయదేవ్ కే ఇచ్చాడు...ఇందులో ఏం కనిపించింది రా మీకు..? NEGATIVE mind set Burgers,1
avunu 8yers taravatha avakasam vachindhi matladaniki prajala kosam Mila kallu pattukovadaniki kadhu,1
సమాజం ఎటు పోతుంది,0
మీ ఇద్దరి కామెన్షన్ సూపర్ అన్నా,1
పిచ్చోని చేయికి రాయి ఇచ్చారు ఇవ్వన్నీ కొడతారో జాగ్రత్త ekkada adi mallana,0
Mādi telaṅgāṇa rāṣṭraṁ sār.... Kānī rājakīya nāyakulalō mīraṇṭē entō gauravaṁ........,1
ఈ చిల్లర గుంపులో ఈ ఎంటెక్ బాబు ను అవమానిస్తే అందరికి పెన్షన్ వచ్చినట్టు M L A బిల్డప్ ఇచ్చి షేహాబాష్ అనుకొంటారని భ్రమ ఎంటెక్ చేసినోడు ఈ జాబ్ ఎందుకు ఇంకా కూలి చేసుకోమంటారు ఈ ఎమ్మెల్యే ఇంతేగా వీళ్ళు చేసేది ఖర్మ. హైదరాబాద్ లో జాబ్ చూసుకో గడ్డం బాబు,0
Antha Ma Ramcharan annaya manchitanam,1
మంచి జోడి ఉన్న ఎద్దులు,0
నిన్ సుతే నిన్ను చూస్తే చంప పగల్గొట్టల్ అనిపిస్తూవుంది రో,0
Table reverse move cheyyali okasari,1
"Chiranjeevi gaaru meeru eppudu greate mi manasu, mi saayam, mi kalmasham leni vyakthitwam, mi prema mundu evvaru sariporu annayya ee vishnu lantollu vandala mandochina mi kaali gotiki kuda sariporu annayya valla kullu vallane thagalapettestundi",1
"Nagarjuna vadi nasanam vadu korukuntada vadu KD no 1, anta eegiga padadu",0
Elanti song vesina ade oke expression papa!! Malli dhaniki karuvu batch,0
𝐦𝐚𝐧𝐚𝐦 𝐜𝐨𝐫𝐫𝐞𝐜𝐭𝐠𝐚 𝐯𝐞𝐥𝐭𝐡𝐮𝐧𝐧𝐚 𝐩𝐚𝐤𝐤𝐚𝐧𝐚 𝐯𝐚𝐜𝐡𝐞𝐯𝐚𝐫𝐢 𝐯𝐚𝐥𝐥𝐚 𝐯𝐚𝐜𝐡𝐞 𝐩𝐫𝐛𝐥𝐦𝐬 𝐢𝐯𝐚𝐧𝐧𝐢,1
Cinema vundi bayya…… jivitham lo malli movies choodakoodadu ane feeling vacchindi,0
మీలాంటి పెద్దల ఆశీర్వాదం ఎప్పుడు మా అన్నకి ఉండాలి. ,1
Deenni ycp Lo ki raanivvakandi,0
కమెడియన్స్ మినిష్టర్లయితే ఇలాగే ఉంటుంది,1
Arey Thagu bothoda.... nuvvey cheppinav ga ra 3yekaralu...ani enti oka job Annav ... eppudu nen analey antav endi ra bewakoof cm ga,0
Chala bagundhi anna,1
Sanjay annani ante niku paguludhu hayi…,1
అందరు కలిసి ఉండండి ప్లీజ్. మనం భారతీయులం,1
Living legend sir miru,1
కేశినేని నాని లేకపోతే TDP కి ఊడేదేముంది. ఇంత ఓవర్ చేసేవాడు అవసరమా పార్టీకి,0
Kcr katham inka,0
Bjp strong fight chestundi good job jai telangana jai bjp.....murkapu palanu tiseyandi,1
ఒకరికి జీవితం ఇవ్వడం అన్నిటికన్నా ఎంతో గొప్ప విషయం..... Tq bandla ganesh garu,1
k t r  kuda poyendu kadaa adigenavu lucha,0
పద్ధతుల గురించి మీరు మాట్లాడాటం ఏంటి రా హౌలే కేటీర్,0
జై మెగాస్టార్,1
Akkka this is just  na birthday akka ninna and this video makes me laugh little harder u guys are best,1
పాప హోమ్ లో నీళ్ల ట్యాంక్ లో నీళ్లు లేవనుకుంటా ,0
ఒకసారి మా తెలంగాణ కి ర బ్రదర్... నీకు అదికూడా దొరకదు... ఉన్నది చేసుకొని ...వేరే జాబ్ కి ట్ర్య్ చెయ్,1
Ila extras cheyadam. Cinema ki karchu pettam so people should pay 450/- antaaru.,1
modi valla desam religion anni kottusasthundhi,0
Ardham padham Lenivi endhuku thistharu chi mi Brathuku chada,0
"BGM కొట్టిన వాడు చూస్తే ఏడుస్తాడు చూడలేక,",0
ఏంది bro ఇది నేను భూతులు తిడితే... Serious అవుతున్నారు.... దీంట్లో బూతులు enjoy చేస్తున్నారు.. lawda gala ,0
కరెక్ట్ గా మాట్లాడుతున్నావ్ రా శ్రీకాంత్,1
Swathi Naidu ki srireddy ki cheppu Amma pathivratha,0
Meku pedha badha ayipoyindi kadhe,0
Intentionally geliki emina serious ite news chedamani...,0
ముద్దు పెడదాం అనుకోని ముందు కి పోయి మళ్ళీ ఆగిపోయాడు,0
అన్నో మనకి కూడా ఒక మిషన్ అడుగు. కొట్టుకుందాం,1
Atleast thana age ki thana carrier set ayyindhii.,1
bonda uma dhi oka kukka jeevitham adeskha,0
Donga naa kodukulu madhyalo students naligipotunnaru,0
మీరంటే నాకు చాలా అభిమానం ఇష్టం పవన్ కళ్యాణ్ బావగారు జీవితంలో ఒక్కసారైనా మీకు దగ్గరగా సెకండ్ ఇవ్వాలని న ఆశ,1
"One of the Great Leader, A Big Salute Sir.,,",1
చంటి పిల్లోడు మాట్లాడితే ఒక తండ్రి ఎలా మురిసిపోతాడో అలా ఉంది. చిరు పరిస్థితి,1
E song correct గా సెట్ చేశావ్ బాయ్యానికు నవ్వలేక చచ్చిపోతున్నాను,1
Shekhar gadu endi na ninnu pilchedi..,0
100rs revanth batch chi chi Congress ki deposit kuda radhu,0
ఆ నవ్వు లొ కోటి కోట్లా ఆనందం ఉంది ,1
nna nuv chesina help ki vallaku edho oka chinna avasaralaku panikosthundhi harsha sai love you anna,1
సూపర్ బ్రదర్ కామెడీ కేక్క  1000% కామెడీ వీడియో,1
నా వెంట్రుక పీకలేవని ఈ సభ ముఖంగా చెబుతున్నాను.,0
Sir paapam taagivachadu.....thagubhothodu....vadhileyandi sir......sir ma galli lo oka drinker same to same pk laagane vunttadu...vaadu vaadi cutting.....thu,0
Em manishulu ra miru bhimbisara manchi movie petukoni...e movie evaru chustaru ra nag,0
కొరటాల  శివా కథా  బాగా తీయలేదు..,0
దానినే హుందాతనం అంటారు,0
arey memu ticket konte ne ra ne chethilo Mike nuvvu nilabade stage,0
Mimmalni  ekkado chusi nattunde,1
rk ki sugar ekkuva uncha apuko pakanna vadidhi cheppadhi vinnu,0
"Ya meru cheyagalaru 
Jai janasena",1
Natti gadu bagane techadu prajalni Desam Peru cheppi,0
Miru kada ra janalni mosam chesedhi ,0
నిఖిల్ నీకు సూపర్ జోడి కావ్య,1
"major minor ani alochinchi crime chesara? every crime must be punished, minor musugulo mla kodkuni tapinchela unaru A6 ichi",1
చాలా ఈజీగా మాట్లాడటం బాగుంది her excelency గవర్నర్ madam,1
Kcr vadu vadi banda karre muku esjoni ma modi tho callenge ha,0
"చాలా బాగా చెప్పారు,భగవద్గీత గురించి చెబుతూ చాలా బాగా ఎక్స్ప్లెయిన్ చేశారు.",1
KING అనే వాడు ఒక్కడే ఉంటాడు.  One and only king kohli,1
సులభంగా స్వస్ బ్యాంక్ లో జమ చేసుకోవచ్చు అనుకుంటా....,1
Erripuk gallu meru,0
సినిమా bagundhi... ఈ మధ్య మహేష్ ఓవర్ కన్ఫ్యూడెంట్ పెరిగింది... అనిపిస్తుంది,0
100/నిజం సార్ బాగచేప్పరు వెరీ గుడ్,1
Super Anna నితిన్ anne baya పడేలా entri evharu,1
నీకు ఎంత నోడు దూల ఉంది కాబట్టే నీ ఇంటి మీద దాడి చేశారు,0
"No.1లంజే, శ్రీరెడ్డి చెల్లి",0
"సర్ అప్పుడప్పుడూ ఇతని ఇంటర్వ్యూ తీసుకోండి సర్,ఫుల్ ఎంటర్త్సైన్మెంట్ సర్,బాగా నవ్వుకోవచ్చు.....",1
Nuvu trs nu adugura nuvo 90 ml ga mallanna kali gotiki sari povura nuvu ne batuku tho,1
Nuvu nijangane pichodivi,0
ఎంతైనా మెగా ఫ్యామిలీ గ్రేట్ ఫ్యామిలీ. వాళ్ళని ఎవరైనా గౌరవించాల్సిందే,1
Movie block boster andaru chudandi sam acting,1
రైతుల పంటకు డిమాండ్ పెరిగితే... మధ్యతరగతి మనిషి..ఎలా బతుకుతాడు...RGV నువ్వంటే రిచ్ కదా.. ఇందుకే దేశానికి రైతు వెన్నుముక and ఎప్పటికీ పేదొడు,0
Vammooo...em anna action aah. E action movie lo chala hits vachevi,1
Kriti garu miru na favourite heroine,1
bro ni fututr inka machi position ki veltavu bro super ga editing bro,1
నిజాయితీని నముకునోడు సక్కగా వుంటాడు దారి తాపిన నాకొడుకు ఒగోని కాళ్లు పట్టుకుంటున్నాడు,0
సుకుమార్ స్టోరీ బాగానే రాస్తాడు,1
prophet mohummad oka 9 years ammai dengadu,0
Kojja mundu supply epinchandi.,0
Bajana party gallu kalyan garini vadu kuntunnaru andharu,0
అంత నిజాయితీ లేడు మోడీ అనవసరంగా డప్పు కోత్తకు ప్లీస్ వినలేక పోతున్న,0
"24 hours, TDP adhi chesindhi.... Janasena idhi chesindhi.... YSRCP EM PEEKINDHI RAAAAA... lafoot... all fraud, all kabja, all fake.. YSRCP life lo malli gelavadhu…",0
Asalu criminals ku votlu vesi na janalaku sigguledhu first,0
"Jagan KD No.1 behavior is like Thuglaq , after some time , Jagan KD No 1 will make 30 Capitals in AP. Jagan will ask Modi to make 4 Capitals for INDIA, East ,West ,North & South Capitals.",1
"వ్యభిచారి లాగా ఉంది , వేదేవడో హౌలె గాడు",0
యెవరు పూనిత రాజు గారు దూరం అయ్యారు అన్న వద్దు  మనం జీవిస్తున్నం అంటే అయిన మన మధ్య జీవిస్తూ ఉన్నారు ప్లీజ్ యెవరు అలా అనవద్దు,1
ప్రవీణ్ కుమార్ సర్ garu నిజంగా dynamic police officer...,1
Ranku mundalu meru antha,0
I'm Full RAM CHARAN fan... & Ee Song keka... Mobile lo audio 50 time's vinna... Movie Blockbuster... CONGRATULATIONS... Kalyan Ram Anna...,1
Climax telisikuda chusam ante that's all bcoz of Sudheer and Rashmi ,1
వాడి ముఖం అద్దంలో చూసుకో మను ప్రకాష్ రాజు గారి తో మాట్లాడాడు,0
Veedu bhutulu vedava,0
Amma anaadhi.. inkokadu vastunaadu antaadhi.. nee bongulo comedy nuvu,0
ఇ పోస్ట్ పెట్టినోడు  రాజ్యాంగం గురించి సీఎం మాట్లాడిన వీడియోస్ ఇందులో పెట్టు,1
ఇదంతా ఎందుకని మా ఇంట్లో ఛానెల్స్ లేకుండా చేసాం.,0
Pichi lanjodkulak phone vadadam raadu.,0
KTR : enni years na nijaswarupanni Bayatapadakunda unna.. Ippudu bayata padela chesaru kadara,1
Me knowledge ku salute sir me lanti vallu ilantivi appudappudu media mundi cheppandi,1
కడుపుకి అన్నం తింటున్నారా గడ్డి తింటున్నారా...గాడుదు ల్లారా  చిన్న పిల్లని ఇమిటేట్ చేయ్యటానికి,0
Video super ayya editing super anthey ,1
సూపర్ సార్ మీరు చాలా బాగా మాట్లాడారు సార్,1
"Congress chesina aa thappu, ippudu congress party address lekunda poyindhi",0
open heart with RK interview లలో  ఇప్పటివరకు చేసిన వాటిలో the Best ఇది. రఘునందన్ గారు స్పష్టంగా ఉన్నారు.,1
నాగార్జున ఎట్టి పరిస్థితుల్లో వైసీపీ లోకి రాకపోవచ్చు ఎందుకంటే జగన్ 420 అని తెల్సు ఒకవేళ వస్తే ఇంత కన్నా మూర్ఖుడు ఎవరు ఉండరు,0
Vetakaram super. Govt ki siggu seram radu. Endukante siggu seram manushulaku mathrme vuntundani na abiprayam.,0
"Mogavalla face luu mathram manchiga chupistharu kanni asallu panni chaseena leady face mathram blur chastharuu..
Edhi ee society andhukaa makky ""HE TEAM"" kavalli ",0
Dhesaanni ammesevaadu yevadiki hero? Meekaa? ,1
More than 1 crore deposits in margadarsi … not even one depositor complain …. Nekenduku ra … go and talk about babai,0
Super sir ila andharu alochinchi respectful ga move ithey society bagupadthadhi,1
desanaki oka nehru oka vallabahi patel vundali kani manaki oka shah inka modi lanti vallu dorikaru,0
Wines lo thaage system pettakandi sir banjeyandi samaanyula midhane miru ebbandhi pedtharu wines yekkada padithe akkada unnai galliko wines aindhi,0
rey shaik amar mee muslims ki ucha padthadhi bjp ante anduke prathi oka muslims bjp ki against ga untaru mee muslims andaru okate unity untaru same mee laga maa Hindu's alochisthe,0
Rey ..... addamina vallani judges chesi .....papam shekar master value teesunnaru ,0
Okko punch okko diamond la undi vro..nice edit..!!!,1
" nenu cheppinappudu counter ivvandi "" ",1
Arey cheppu tho kodatha,0
"Prathi daniki Government tappu vundadu prajalu koncham marali, attitude change ayithey ilanti jaragavu",1
ఇలాంటి b grade acting లకు మాత్రమే పనికి వస్తుంది,0
ఈ పాట అంటే ఎంత మందికి ఇష్టం.. Dj tillu అట్లా ఉంటుంది మనోడితో,1
Suni anna comedy na mazaka,1
 Orey  nuvvu trs Ki anthaki ammudu poyavu ra Niku Antha echaru ra TRS party Valli ,1
anni kalisi velthe ne 0.5 votes diffrent . Ippdu cm ga unndu ippduendhi meeru peekedhi wait cheyyndi 2024 varaku,0
Vadu vani over action rod la undi movie the great Tyson garini joker ni chesesaru..,0
కీరవాణి గారు ఈ పాటకు ప్రాణం పోసారు అధ్బుతం,1
చీ ఫో మెగా ఫ్యామలీకి పారువ్ తీయడానికి పుటవ్ అని నా అభిప్రాయం,0
Poraaa..Red Flower...,0
Satthi nee comedy irritation ga undi.,0
జప్తలక్ సూరజ్ చాంద్ రహేగా అప్పు బాయ్ అమర్ రహే గా,1
Assalu expect cheyaledu Nenu sudden entry and surprise,1
మంచి వాగ్ధాటి మంచి  నాయకత్వ లక్షణాలు ఉన్న మనసున్న నాయకుడు మా రఘు అన్న. జై భీమ్ జై భారత్,1
Cinemalo comedy kante edi picha comedy  navvi navvi kadupu noppi vachindi really supper video supper interview  elantivi Inka cheyandiiiiii all the best,1
Emi thintaru sir miru age 25 daggare agipoindi,1
bokkalo maddagudu,0
asla semi finals vache saraki prathi vadu moddalo gameolay anni appudey bayathutahai,0
Vallu bagane vunnaru Meru nashanam,0
"BJP anti hindu...... Kotha party power loki ravali....... congress,bsp,sp,tmc,aap....see..see???? new Start-up is waiting????",1
"ఇది ఈ వీడియో ఎన్నిసార్లు చూశానో, ఎన్నిసార్లు నవ్వుకున్నానో నాకే తిలియదు",1
Nuv inka successful ga avvalani korukuntunna  Negative comments pattinchukoku brother Nee interview lo nuv padina kastam vinnaanu nenu I'm very happy to your success,1
అన్నిచోట్ల ఇలాగే బాధ పెడుతున్నరు సార్  పోలీసులు,1
Tammi... Nuvvu benz car kone stage ki asthav...neelo a kasi n talent rendu unnayi... All d best,1
ayya ikkadiki vochi 5rs tiskuni moragandi inka,0
ఆమె ఎజ్ ఎంత బాబు ఏజ్ ఎంత ఆసరమ్మ ముండ్డాకు,0
Meeru Chaalaa..Baagaa..Cheppaaru Brother..!,1
"industry lo inni movies flop ayinay Vijay Puri ante enti antha lokuva meeku Thaathalu thandrulu frame tho Vasthe ne Movies chusthaara ,",1
KCR nivi Anni dongaa mataalu dongaa buddulu,0
నువ్వు ఇలా కన్ను కొట్టి రెండు వేళ్ళు చూయించినప్పుడు నా సామిరంగా నరాలు జివ్వూ మన్నవి,1
vadi puku chinthapandu cheyali,0
DSP గాని డిప్ప పగలాలి పిచ్చి పిచ్చి ట్యూన్లు కడితే…,0
Nilo nachedhi attitude సూపర్ rowdy star,1
అవి కెమెరా ముందు అరిచే అరుపులు కాదు .,0
నువ్వు అపు అమ్మ తు  అంటావు,0
TRS poinaka ninnu uthukutharu... Kanipiyav lee inka...chesko reporting e 1 year,1
Cinima vallu mottam e  episode chusi aena buddi techukondi tickets rates vishayam lo,0
లైక్ చెయ్యాకపోతే నాశనము అవ్వాలని కోకుంటావా ఏం మనిషి వీ ఛీ,0
వీడియో చూడంగానే కామెంట్స్ కోసం వచినవాలు ఒక లికె వేసుకోండి,1
"Fans ki rowdies anna tagline pettinodu, prematho arey anadam tho thappu ledu",1
లోపల అండర్వేర్ వేసుకున్నావా లేదా,0
అంతా ఒకే బ్రో ఇంతకీ ఇవన్నీ ఎవరు కూర్చొని లెక్కిస్తారు ఎవరు వింటారు.మనం వినక పోతే ట్రైన్ వెళ్ళదా,1
ఇద్దరు సూపర్ గా చేసారు,1
Cm gadiki mental akindi,1
"Roja garu ituvanti baddu, biraagilanu interview , mee dignity thagguthadi, ituvanti vaaru samaajaniki cheeda purugulu",0
ippatiki 10 times chusaanu what a humorous.... innocent dialogues superb,1
" ఎవడు బిక్షం వేసే వారి భజన చేయాలి, దీన్ని బట్టి చెప్పొచ్చు అన్న నువ్వు ఎందుకు టిఆర్ఎస్ భజన చేస్తున్నావు అని ",0
Nuv politics loki vellali anukutunnavemo.. Ila matladithe ninnu address lekunda kodatharu prajalu,0
ఈ మధ్య వీడి ఓవర్ యాక్టింగ్ ఎక్కువైంది బాగా,0
"
పోలీసోల్లొచ్చి ‍యేటుకు బట్టుకుంటారు ",1
Cc lo unnadhi audi car and 2nd car ki  bumper ledhu kani ippudu unnadhi  audi car benz ayindhi,1
Uvvvvvvvvvvvvv  joke bagundi pulka,0
పుట్టక ముందు కూడా కమంతోనే ఉన్నాడు,0
ఇద్దరు నిజాయితీపరుల మధ్య గొప్ప సమరం ! దొందూ..,1
Valaki kadhu mundhu alantolani interview chestuna villaki pagalali ,0
Dance show erripuku chesesaru kadhara comedy zabardast lo cheyandi d lo dance cheyandi erripuku director erripuku editing,0
అన్నయ్య అనే పిలుపు విని వెనక్కి తిరిగాడు,1
కేశినేని నాని లేకపోతే TDP కి ఊడేదేముంది. ఇంత ఓవర్ చేసేవాడు అవసరమా పార్టీకి,1
ఈ సినిమా అఖండమైన భారీ విజయం సాధించినందుకు చాలా ఆనందంగా ఉంది,1
Kulam ane godala meedha ye system nilapadadhu..,1
Mirror mirror ichadu devudu podhune chusuko amma chance ela ichestaru nee moham nuvy ni ae face petukoni vachestaru amma babu industry ki,0
bjp leaders enta labaor na kodukulu ante rape cheshe vallani brahamin ani cheppi vadilesaru,0
Pavan Kalyan gari nayakatvam vardillali jai power star ,1
"Father constable ani cheppukodaniki siggu padutunnadu adava maradu ,inspector ani cheppukuntadu, nelantolla valle mega family entha edigina evadiki respect ledu",0
అన్న నువ్వ చాలా బాగా చేసావు ,1
అన్న casino లీగల్ చేయండి ప్లీజ్ అన్న,1
Samantha ki exposing fame popularity medha una interest family medha ledu emo asal Bollywood lo act ey cheyanu south ante pranam ani interviews lo chepi epudu ah chetha industry ki importance isthundhi ey hero Mahesh Babu Ram Charan allu arjun vala wife's tho exposing vere vala tho chetha scenes cheynisthara andharau valu kalavali ane anukuntunaru gani ami Akshay Kumar ethukuna parledu evaru em chesina parledu anatu mindset adhi popularity anukunta amiki,0
Telugu vallu ante antha chulakanagaa undha a heroki,0
nuvu pulivendula ke rara pukaa,0
rhea dabbu kosam mosali mahesh bhatt modda chickindhi,0
KTR kuda press meet padthey Baguntadi,1
First nee party pokunda chusko next,1
Diniki antha bulid up enduku,0
Evrithe e joke ki navvado vadu oh peddh eripuk gaadu,0
Naku adhe kavali shudheer anna,1
మీలాంటి వాళ్ళని దేవుడు చల్లగా చూడాలని సార్ హర్ష సాయి అన్న,1
వచ్చిందండి... మా తుగ్లక్ గాడి మిడ్ నైట్ దెవత,0
Geniune banner and andharu chala hardwork chestharu.,1
Matter divert chestundii ame ra hamara Prasad ga bura leda kanisam legal ga ela adoption chesukovali ani gutleee,0
Chattha cinima ra babbu,0
Prudhvi sir very good man now.....sir thana thappu thelisikunnaru...,1
Bahusa father and son antey ilagey vundalemo... Great father and Good Son...,1
Maa Karama elanti ministers undadam,0
2024 election lo odipothe orey kodali kodini kosinatla kostaru gurtu pettuko,0
NTR గారు రాక్ అబ్బ... యాక్టింగ్ లో కింగ్...,1
6 అడుగుల లోతు 2 అడుగుల వెడల్పు ఎవరికైనా శాశ్వతం,1
Very గ్రేస్ ఫుల్ డాన్సర్ షన్ను,1
ఇలాంటి పనికిమాలిన వీడియోలు చాలా చూశాం మిత్రమా పూర్తి వీడియో పెట్టి ఉంటే బాగుండేది మిత్రమా,1
గారిక పాటిగారి తో నేను కూడా ఏకీభవిస్తున్నాను,1
Areyy sigu undhi ah ra miku thuu worest fellows,0
Partial dharidrsm voddhu sir,0
"veedu em chestunadu ra ante I want to understand his state of mind"".. kantlo neellochinay navvi navvi devudaa...!!",1
"బొంగులే,, గవర్నమెంట్ వెనకాల ఉంటే వంద చెప్పొచ్చు. ",0
e rojullo ela chetta dress lu dancelu vesi paruvu theyyakamdi mam,0
32 caselu unnapudu kallu pattukovali leka pothey CBI vaalu Jail lo vestharu,0
ఇప్పుడు ఉన్న కాలం లో ఇలాంటి సినిమా లకు సపోర్టు ఉండదు miss you సార్,1
Anna nee comedy Expressions baguntai,1
దోపిడీకోసమే అన్నా జీవించేది. దోపిడే జీవిత లక్ష్యం,1
ఇటువంటి తీర్పులు ఇలాంటి వాళ్లే చెప్పగలరు నమ్మిన TV యజమానులుకు ధన్యవాదాలు,0
సినిమా చూస్తున్నంత సేపు ఏదో మనసుకు తెలియదే ఆనందం,1
ఈ దునియలో సిగ్గులేని ముఖ్యమంత్రి మీరే సర్ కెసిఆర్ గారు,0
"Avasaram aite shaving kooda chestaaru, prabuthyodoyogulu adi vaari istam.",1
Super bro Antha ina mana Ongole valu super bro,1
ఎవరేమన్నా acting లో NTR tiger ను  మించినవాళ్లు దేశంలో film industry లో ఎవరూలేరేమో అనిపిస్తుంది.,1
"Maa veedhilo prathi roju chettha theesukelle bandi vasthuni, vaallu cheptharu thadi chettha oka vaipu, podi chettha oka vaipu veyandi ani. 
Kaani ee chetthani ye vaipu veyyalo cheppaledu",0
Telufu interview lo hindi comments enduku chupistunaru..... Ma cinema antha fame aindi ani chepukodanika,0
Bayata fans ni rechagottedhi ee chillar galle,0
Own party ni yem peeekaleka yevadiki ichhhi vaaadi kindha bhanisalaga undatam meee vamsanike,0
Bhaanu ki antha scene leadhu ooh navesthundhii,0
Ede ap lo aite pachha media pachha party diniki kuda jagan ne karanam ane vallu,0
KTR chaala manchi gah hyderabad it ni devlope chesthunnaru,1
Patakanna manishi bavundi,1
denginchukondi ra monna na notlo modda pettaru gah,0
"Yes anna.ramcharn great ,meetharvatha RC okkade",1
Nuvvu pedathav ani anukuna darling ,1
meru gelvali jai jenasena pavankalyan sir,0
​తెలుగు కూడా కొంచెం కొంచెమే వస్తది మా జగన్ రెడ్డి,0
మేము ప్రజలకి ఫలానాది చేస్తామని చెప్పుకొని ప్రజల్లోకి రావాలి ఏ బొక్క లేదు వచ్చి ఏం పీకుతారు,1
ఫైనల్ ఇంగ్లాండ్  గెలవాలి ఆల్ ది బెస్ట్ ఇంగ్లాండ్ టీమ్ 2022 ఇంగ్లాండ్ విన్నర్,1
vaadu taagi vunnadu..vaadiki entha cheppina kooda ardam kaadu.,0
అలాంటప్పుడు నువ్వు గడ్డి తిను ఇండియా కు ఏకనమి పెరుగుతుంది,0
ఇలా ఎడిటింగ్ లు చేసుకుని బ్రతకటమే కనీసం జగన్ ది ఇక ముక్క కూడా పీకలేరు,0
lofar lanjakodaka delete cheyi first,0
ఇ జోకర్ గానికి ఓటు ఎవడ్రా వేసింది #dont vote for malla reddy,0
Painleni producers ki panileni nastalu ,0
ఆచార్య సినిమా చాలా బాగుంది ,1
Nenu డ్రాయర్ ఎస్త చూడు నేను డ్రాయర్ ఎస్తా చూడు నా డ్రాయర్ siad చూడకుంటే ఇప్పెస్త చూడు,0
langa malli reporing waste trs daapu tappa em ledu,0
Ycp vunnatha varaku Andhrapradesh paristhi enka diga jaaripotaadi.... Vaalu leaders kaadu maha vedava lu... Okarini minchina varu okaru,0
Harsha inner felling ...Madhya lo veedu arustunadu,1
NTR film same Lakshmi garu chepinattu tisaru.. real story. Am extra topics add cheyaled. Jai RGV. NTR story mothm lakshmis ntr lo poorthi ga chupincharu. Jai NTR,1
"Amazon Prime lo Lucifer ani type chesthe story enti, complete movie osthundhi ",1
Mundhu ne cinema lu chusukora,0
Boycott దిశగా Liger,0
ఆ వెర్రి వెంగళప్ప మొహం ఏందిరా నాయనా,0
Adhi kothilane untadhi enka action lu,0
Alaga pogidikoni seda dengaru andaru,0
ఒకసారి చుట్టూ ఉన్న వాళ్ళ కళ్ళల్లో ఆనందాన్ని గమనించండి,1
బ్రేక్ అంటే.... Fucking కే కాదా ఎంజాయ్,0
ఇలాంటి సాంగ్స్ ఇంకా ఇంకా కావాలి సూపర్,1
drake nuvvu daridam gah vuntavu entha ante cude oil chetha inka baguntadhi,0
Meeru emi chestunnaru.sollu matalu tappa,0
Nenu e stage raavadaniki Karanam ....e stage vesinollaa,1
ఇలాంటి వీడియోస్ పెట్టి మా పరువు తీయకండి,0
Ivi news  antara asalu,1
నీ పని అయిపోయినట్టే రాసి పెట్టుకో,0
"rey miku em pani paata vundadha mundhu polavaram project,roads,jobs notification, gurinchi alochinchandi ra ",0
Pulsar bike Ramana em ayyipothaduu sisuu mari,1
Adi gadu bathroom velli vachi kadukkuntunadu,0
"పులులు, సింహాలకు కూడా భయపడరు.. కానీ రాజకీయ నాయకులకు మాత్రం లాగులు తడుపుకుంటారు... ఎందుకో మరి..",0
Orange movie Epatiki chusina kothaga untadhi ....ndhuko thelidhu i love to watch dat movie,1
Dani matala vintene ardhamavuthundhi idhi road side lights vesedani,0
పురుష జాతి ఆణిముత్యం సార్ మీరు,1
Reay nani nuvvu first respect ecchedi nersukoo nuvakka MLA nikokka minister padavi nikundi next neki MLA padavi untundoo emo chuskoo .nuvvu pawankalyan anna gurunchi matladtava 5 yrs back nuvvu yevoroo ani evvariki teledu .nuvvu weast gadivi ntr gurinchi Chandrababu gurinchi andaru weast ha.  Mee ysrcp mka matramena great chupistaru ley next election lo,0
Veellandhari kante RSP sir & Eetala sir best leaders …,1
రోజా అనేది మనిషి కాదు అది వేస్ట్,0
Seggu leni modi and department,0
వీడు ముసలోడు అయిపోయాడు,0
రోహిట్ కింగ్..  కింగ్ రోహిట్  సూపర్ హిట్ ఇప్పుడు ఇండియా కి కింగ్  రోహిట్,1
నీకు భయం పట్టుకున్నదని స్పష్టంగా తెలుస్తోంది.,0
andaru MLA lu elagay undali. thanq MLA garu,1
NTR anna la acting cheyleantey enko  janma ettale evarinaa... Jai NTR anna,1
adi hukka ra bookaahhh Reddy,0
Ne mokam susthe leshe modda kuda muska pothundhi.,0
వీడికి ఎక్కడ ఏ మాట్లాడాలో తెలిస్తే ఈ పాటికి ఎమ్మెల్యే అయ్యేవాడు... పాపం బ్రాహ్మణి వీడిని ఎలా భరిస్తుందో ఏంటో,0
i hate karan because thana mokkam naku shit kurchuvalani korika,0
"రోహీత్ మంచి ఆట గాడే కాని cepation గా పనికి రాడు. ఏందుకంటే fitness గా వుండడు, తరచుగా గాయాలు బారిన పడ్డతాడు.. King of Kohli",0
bhuvi adhey 19th over lo madien cheasaru enti moddalo srh key adhey ki maiden kuda avasaram ledhu oka 19 runs ichi dengi match odipincharu,0
"Pilli ki bicham  veyani ma karimnagar bandi Sanjay 
Nuv karimangar lo kanisam oka gunthalo matti Aina posava  e roju nuvvu pedda peddda matalu matladuthunnav thu 
Nammakandi ra babu e naatakalu",0
Ayya kulalu kosam kaadu manchi nayakudini yennukonedi,1
enti kottedhi duck out ayyadu politics lo,0
Bandi breaks goranga tisadu ...... Super,1
Anna nuvvu chavaku యిది చాలా అన్యయం.suspense అదిరిపోయింది.next episode వేగంగా pettanna.,0
బాగా బలిసి కొట్టుకుంటున్నారు,0
నిన్ను ఎవరన్నా ఆపేది నిన్ను ఆపే మగాడు పుట్టలేదు ఇంకా. మీరు ఓడినా గెలిచినా నా ఓటు మీకే. జై జనసేన,1
"Interview chesina Murthy gariki naa abhinandanalu, chaala samskaaram ga chesaru",1
Oreymeepartychattaparty .trs,0
సబితా ఇంద్రా రెడ్డికి నిజం గా అంత విలువ ఇచ్చినా పార్టీ మారడం నిజంగా నన్ను షాక్ కు గురిచేసింది.. కాంగ్రెస్ ని అందరూ మోసం చేశారు.. ఏదోఒక రోజు తగిన గుణపాఠం చెబుతారు ప్రజలే..!!,0
Anna boss mega star RC 15 ki dance ki andariki punakam ravalla anna,1
అందరూ ఓట్లు రిజిస్టర్ చేసుకోండి మిత్రులారా ఓటు ఫర్ జనసేన పార్టీ ఒక అవకాశం ఇవండీ పవన్ కళ్యాణ్ అన్న రావాలి పాలనా మారాలి,1
పాలమ్మిన.. పూలమినా.. ఇంకా నయం పూ *** అమ్మిన అన్లే ,0
veli metro station lo padeyandi,0
సూపర్ సూపర్ సూపర్ సూపర్ ఎక్స్ట్రా డ్డరి అదిరిపోయింది శ్రీను అన్న హైలెట్ నువ్వు,1
మీ మాటలు వింటే తెలిసింది మీకు కమన్సెన్స్ లేదని,1
donga munda bjp party rapists brahamins anni vadilidengaru villaka manam vote vesindhi #oustmodi,0
 true mamu monna AP liquor tagamu ongolu lo worest quality india lo akkada vundadu,0
ఈసారి ఏ పార్టీకి అమ్ముడుపోతారో పవన్ కళ్యాణ్ గారు చూద్దాం,1
"Rosayya garu is a real, Good and true politician. History lo oka great leader Rosayya garu. No words to praise you sir. Rip Rosayya garu",1
​చేసింది చెప్పడం మానేసి ఈ సీఎం పద్యాలు పాడి డైలాగులు చేబుతాడేంటి,0
రామోజీ రావు ని వీడి కనా వేస్ట్ గాడు అన్నావు ఆయన్ని కలవటానికి  నీవు చెప్పిన అమిత్ షానే  అయన ఇంటికి వెళ్లి కలిసాడు సోంబేరి వదవా  నీకు ఎమితెలుసు రా .,0
పవన్ కల్యాణ్ మీటింగ్ జరగకుండా ఎదగ కుండ ఉండుటకు రెండు పార్టీలు టీడీపీ అండ్ వైసిపి అడుతున్న నాటకాలు.,0
ఇంకా క్లాస్ ఇవ్వు... అక్కా...,0
అట్లుంటది మా ప్రభాస్ అన్న తోటి కెవ్వు కేక అంతే,1
ఈ  20 20 సంవత్సరంలో ఒక్క పి ఎం సీఎం ఎమ్మెల్యే గార్లు ఎవరు ఎన్నడు  చేయని సహాయాలని ఒకే ఒక్క ఆ దేవుడు సోనుసూద్ సార్  గారు ఆపదలో ఉన్న ప్రజల అందరిని కాపాడుకుంటూ వచ్చిన ఒకే ఒక్క రియల్ హీరో దేవుడు సోనుసూద్ సార్,1
Climax chala bagundhi lot's of fun enjoyed a lot,1
simon cowell u my frnd nuvvu oka paniki malina modda vi enduku putavu telidhu,0
నేను పవన్ కళ్యాణ్ చెప్పిన తర్వాత మీ సినిమా చూశాను చాలా బాగుంది,1
పండ్లు తింటే తప్పేముంది..అవి త్వరగా జీర్ణం అవుతాయి కదా,1
ఇదే అభిమానం elections వరకు ఉండాలి ,1
బ్రదర్ మాకు ఇప్పటివరకు శివాజీ మహారాజు  తెలుసు ఆయన ఒక కుమారుని గురించి మాకు ఎలాంటి విషయాలు తెలియవు మీరు తప్పక వీడియో ‍‌‌చేయండి👍,0
Chillar Dani avadra judge chesindi Bosidike ,0
"మీ ఇద్దరికి దేవుడు సంస్కారం ఇచ్చిన ఉపయోగించడము లేదు ఏమైంది మీకు,  అలాగే జర్నలిజం తో పాటు అబద్దాలు చెప్పడము కూడా బాగా నెర్చారు. అన్ని దగ్గరుండి విన్నట్లు చెపుతున్నారు. చీ చీ చీ",0
ఇలాంటి వాల్లే పెళ్లి అయిన నెలకి భర్తను చంపెది,0
నిజంగా ఈ పాట ఉందా,1
Chala chala bagunnav and nee voice kuda,1
Nuvu Chiku raa kcr family dhi,0
Nv ni mokam,0
ఒక రాణి ఎవరు ఎత్తండి ఆమె రాజ్యం ఒక సైనికుడి కోసం ఒక సైనికుడు ఎవరు త్యాగం చేస్తారు అతని జీవితం మరియు ప్రేమ కోసం అతని దేశం ,1
ఇంట్లో వంటలు వందితె తెలుస్తాయి యే వంటలో ఏంటో అనీ ,1
Education mukkyam kadu janalani chadinivanadu eerojuallo vadu goppavadu,1
Liger movie flop  అవ్వాలని కోరుకునే వాళ్ళు ఒక like కొట్టండి bro,0
Arey kcr saab మీరు పెద్దగా santosham లో ఉన్నారు సరేనా ఒక్క సారి సీఎం కావడానికి రాష్ట్రం పేరు చెప్పి మళ్ళీ students ప్రాణ త్యాగాలు చేస్తే నువ్వు సీఎం అయ్యహు తెలుసుకో,0
Eippudu nuvvu yenta chesina janallaki vellina niku minus,0
Ami chasarante  uday kiran ni champaru vedi nepotism valla,0
"Jaganana.sainyam.from.chatla
",1
ఇండియన్ ఆర్మీ ని చూసి  ఈ  రాజకీయ  పార్టీలు నేర్చుకోవాలిసిన  ఒక  విషయం ఉంది.... MMG  gun ....మందిర్ మస్జీద్ గురుద్వారా కి  కి జై…,1
rashmika cheshedhi anta over acting tappa em ledhu,0
"Official ga 600 acres ante, unofficial GA enno, okko family member peru meedha enni ekaraalu unnayo.. Raitu bandhu okkati chalu,",0
Deenemmaa dabbulu unte darinapoye danaya tho cinema tiyyachu ani telisindi,0
నిజమైన పవన్ కల్యాన్ అబిమానికే తెలుస్తుంది ఆ ఆనందం,1
Yes mark lu kanna gnanam sampadhisthe life long panikivasthadhu,1
Director ga kante camedian ga akkuvaga navvistunnaru super,1
"Bocchem kaadu ,, andharu waste galle",0
Mi over action meru,0
E bjp oil rates increase chesi vanta cheyali ante kastam undi anna,1
Baga kastapaddav bro edit ki . Good keep it up,1
Adhoka vamsam...veedi dabbalu veedu...,0
"Mee chatha face llu 
Mee kullu comedy tu",0
ఊహ గారు మీ అమ్మాయి మీ లాగే ఉంటుంది,1
తప్పు చేసిన తరువాత వచ్చి ఖమ్ గా నే కూర్చుంటారు,0
"బాబు చాలా‌‌ ఎదిగిపోయాడయ్యా......,బాబోయ్ ప౦చులు ఎస్తున్నాడు భయ్యా.",1
"Nivedita eyes lo anandam choodandi great, Everest ekkinantha anandam.",1
అమ్మ అమ్మ ఏముంది సినిమాలను కన్న ఇదే బాగుంది,1
మీరు క్లారిటీగా వున్నారు.,1
బొక్కేమి కాదు సీఎం అంటే మోహన్ బాబు కి భయం నిజం కాదని అంటే కుదరదు,1
Akka jagarthaa aaa pawala gadi tho room Loki lakkoni veltaduuu,0
USA lo 200cr value house etla konnav ra nuv evadi abba sommu,0
యశోద మూవీ చాలా బాగా ఉంది,1
Sorry nuvu daniki panikirav,0
మోదీ పెద్ద డ్రామా వే ఆర్టిస్ట్ వెనక డైరెక్ట్ చేసేది కార్పొరేట్ కంపెనీలు,1
ఏకిలి సన్నసిలగా నవ్వు ఎందుకు,0
మానసిక రోగి అనే పేరు వస్తే లిస్ట్ లో ఫస్ట్ నీ పేరే ఉంటది ధోర,0
మై లవ్ ఎన్టీఆర్ ఐ లవ్ యు ఎన్టీఆర్,1
Thappu chesina vaallaku vanike kaadu inka anni modalithavi  . Enta kaalam students life tho aadukuntu crores earn chedtharu illegal ga.,0
TDP ki yeppatikaina maa anna NTR Garey paggalu chepadathadu,1
4 unnai kada andulo okati teyali easy,1
Ramu garu correct  ga chepparu sir,1
Balayya oka vedhava anukune vallu oka like veskondi,0
old city lo vallani pakistan ki tharimi dengali # india with only hindu,0
Baga cheppadu,1
Pasaleni.... personality dhanraj thana comedy kuda em bagundadu,0
సూపర్ వీడియో తీసుకున్న భయ్యా,1
Zin ping gadini corona vachi pothe Anni set auvtai,0
అబ్బా అన్న ఈ వీడియో సాంగ్ కోసం నేను చాలా wait చేశా,1
edhi Carect kadu modhi garu papam kovindh garini ala avamanaparachadam carect kadu,0
"ఇలాంటి వారు మా కన్నడ గొప్ప నటుడు డా రాజకుమార్ జొతులొ ఒక్క సినిమా ఐతె చేసి ఉంటే,,,!!!!",1
నేను వైస్సార్సీపీ పార్టీ కార్యకర్తను అయినా కూడ తెలుగు రాష్ట్రాల తరపున కేంద్రం తో దీటుగా మాట్లాడిన ఈ నాయకుడికి పార్టీలకు అతీతంగా సెల్యూట్ చేస్తున్నాను,1
నిన్ను ఇలా చూస్తుంటే నా సోమి రంగ ,1
Jokulu vesukoni navukunnaru... Eppudu andaru navutunnaru ..... Chusi.,1
విమర్శలు నవ్వుతూ స్వీకరించే వ్యక్తి....,1
"​అసలు ఆంధ్రప్రదేశ్ బిజెపి అధ్యక్షుడు మన ముఖ్యమంత్రే , వీర్రాజు కేవలం తోకమీద ఈక మాత్రమే",0
Mouli anna content vere level,1
CBN maryada poorvakanga mic isthe praja samasyalu thelusukokunda mp garu dhurviniyogam chesaru,0
"Rayalaseema Leders povali jsp ravali pavan kalyaan garu real Indian real god jai bheem
",1
ఎక్కడ వెంట్రుకలు ఉంటే అక్కడ పిక్కో,0
​nanu ok karya karta ga chaputunnu anna e sari matram pakka power Star cm jai janasena  Srikakulam,1
Over acting ఎక్కువైంది తగ్గించుకుంటే మంచిది,0
Inthavaraku Oka ysrcp mla velli Subrahmanyam family ni kalisi matladaledu miru em sc minister ra miru em Cm thu,0
devi nagavalli nuvvu kani regsin cheyakunde mi intiki vachi champi pari dengutha,0
Andarilo niladhiyadam. Sari ayina paddathi kadhu. Every one has self respect. He is also citizen ok.,1
వెయడానికి వెళ్ళాడు గట్టిగా ఏస్తాడు,0
ఇలాంటి కమ్మని కబుర్లు చిరంజీవి గారూ మాత్రమే చెప్పగలరు....,1
Good mama tisukeli railway station lo padeyandi,0
"మీరు కూల్ గా వీడియోస్ చెసుకొండి
ఇ టెంక్సన్స్ వదిలేయండి",0
విలువలు తెలిసిన మనిషి విలువైన మనిషి ...,1
100 cr cheralante 500 cr petti movie thiyyali,1
​4 lakh crore apu cheshadu yekada poyayi sigu leni lanja,0
moham medha dengutharuu,0
hero ipodham industry ni yeledham ante last ki bokka ipotham,0
Deepak bhai is great great comedian,1
yogi ni cm cheyadam valla up lo communal fights ekkuva ayyayi #hindubjp,1
Janasena evarithoo kaliste vallu Sanka naki poddi,0
Nv చేసుంటే utterflop అయ్యేది,0
ah lobo ni marchandi ra babu,0
jagan valla ma jevuthalu modda kuripoyindhi nuvvu kukka modda laga chasthavy lanjakodaka,0
అన్నా కొన్ని మిషన్ లు  అడుగు అన్న work from home  చేసుకుంటూ నీకు కొంత కమిషన్ ఇస్తాను,1
adige dhammu manà jail reddy ki ledu,0
Suma em maraledu ade over action,0
నువ్ హీరో అవతావు అన్న అంత స్టయిల్ వుంది నిలో ఇది రియల్ మాట,1
dsp nuvvu asala manchi manishi ledha bazzar lanja vi ha?,0
"Asalu meeku elaa telustunnay rohit ki and kohli ki godavalu unnay ani, politics ni ilaane chedagottaru, ippudu malli cricket meeda paddara?, eraa meku intha kante manchi jobs dorakava?, thu..",0
గణేష్ గారు కరెక్టుగా మాట్లాడారు...ఈ విషయంలో హాట్సోప్,1
Veedevado grahanthara vasi kappa la vunnadu,0
Bro vere yavaru doraka ledha ee pandi mokamdi dorikindha,0
Vallu andharu godavalu lekunda bagane vuntaru nelanti valle over action cheysthuntaru,0
"హిందుత్వం బతకాలి అంటే మాకు రాజా సింగ్ లాంటి నాయకులే కావాలి. జై శ్రీరామ్, జై మోడీ, జై బీజేపీ, జై రాజా సింగ్.",1
No one can write meaningful songs like you sir..me you sir ... Om Shanti ....,1
Vidipoyaru ana pain feel una navvuthunadu shannu,1
Abbabba em reply echadu boss supper,1
AP...lo...Asalu..criminals..ku...Votlu  Vesi..na..AP...Janalaku..100%√>> Sigguledhu..first..AP...lo..Undi.. YCP..Police..station...AP...lo..Asalu.. Police..varu..layru....Next..2024..lo.. Untundi..AP...Police..vari..ki...,0
Nenu aitey denkapota akkadnunchi,0
Arey Babu neevu Mandu thagava pachi abaddalu chepputhunnaru neevu press munduku vachi matladedi Mandu kotti kada dhairyam kosam,0
"మంచి నటులు బ్రహ్మాజీ గారు..
",0
ఇలాంటి వెదవ పనులు మానండి,0
boothu ki care of address ayina anasuya garu boothu gurinchi maatlaaduthundhi... wah wah!,0
ఇందుకే 23 వచ్చాయ్… ఇలాగే ఉంటే అవికూడా పోతాయి ,0
శ్రీను గారి గెటప్ & డైలాగ్ సూపర్ అండి... ఆటో రామ్ ప్రసాద్ ఆటో పంచేస్,1
పుట్టడమే వెస్ట్ అనుకుంటే మళ్ళీ ఇవన్నీ ఏంటి,0
"మీ  ప్రవచనాలతో  ధర్మాన్ని ప్రచారం చేస్తూ కాపాడుతున్నారు, మీరు భారత దేశానికి నిజమైన మార్గదర్శి గురువు గారు.
మీకు పాదాబి వందనాలు.",0
మూతికి ఉన్న మాస్క్ తీసి పెట్టు బ్రో పోస్ట్...లేకుంటే భయపడుతున్నవ్ అనుకుంటారు.,1
Orey idi RTC conductor na Recording dancer na,0
ఇప్పటికైనా ap ప్రజలు బుద్ధి తెచ్చుకోవాలి,0
Ekkuva seyaku inka chalu,0
nen pedda payalu vunna ammailinu dengi bore kotudhundhi #iamcomingforskinnygirls,0
ఇక్కడ కామెడీ ఎక్కడ ఉంది రా బాబు......... మీ over action మీరు.......,0
కష్టపడే వాల్లని కష్టపెట్టిండు,0
Torch lite Kuda Leni rojula fake news vadu kavalane chesind,0
బిల్డప్ బాబాయ్ వచ్చాడు,0
అన్న నీలాంటి వాడు దేశం లో ఉండాలి .....నువ్వు అందరికీ ఒక ఇన్స్పిరేషన్ ........జై హింద్ అన్నయ్య,1
"Veedu Aids patient la untadu, hero enti ma karma",0
richard jerkins na gudda ni pellam notlo pettali,0
love de ke bal anukuntaru,0
సచ్చిపోరా రమణ గా,0
karan johar oka panikirani vedava manchi roles anni chetha actress ee ichi movie ni nasanamchestharu,0
గరికపాటి గారు బాగా చెప్పారు ...చెడును హైలెట్ చేయడం ద్వార యువత త్వరగా ఫాలో అయి వారు సమాజం చెడువి గురవుతున్నది,1
ఈ సాంగ్ బీట్ దియేటర్ లో వేరే లెవెల్ మ్యూజిక్,1
ఈ పాటని నేను విన్నంతగా ఎవరు వినలేదు ఏమో అనే అంతగా విన్నాను ️,1
అమ్మా... కృతిక.. ఈసారి వాడి దగ్గరకి వచ్చే టప్పుడు ఏదైనా మారునాయుధం తో వచ్చి చావ దెంగు.. కేసు నా మీద వేసుకుంటా.. భరించలేక పోతున్నాము..,0
ఈ మధ్య మీరేదో ఆస్కార్ అవార్డు  సినిమాలు పడుతున్నట్టు చెప్తున్నారేంటి  ఏదో అతనికి నచ్చి పట్టాడు అది జనాలకు నచ్చట్లేదు మరో సినిమాతో ముందు వస్తాడు   అతని దగ్గరికి వెళ్లి ధైర్యం చెప్పాల్సింది పబ్లిక్ లో తిడతారేంటి సార్,1
Galeez mokalani famous chesaru kadara ....,0
అందరూ ఓట్లు రిజిస్టర్ చేసుకోండి మిత్రులా,1
"Dheeni Dhrustilo idhi okkate Pedhha  sincere Politicion ,migatha vallu time pass chesevallu..asal aa Body Language endhi",0
Dongathananga kaadhu anna paisal bengi ichhindi ala cheppandi,0
Sir M L A Garu Prajala Vadaku Meru Vachi ChalaBaga Matladinaru Sir Bat All M L As Nidarsanam. Very good Sir M L A Garu...,1
యిప్పుడు తెలుస్తుంది police la బుద్ది ఈ నిండితులను police lu యేమి chestaro మైనర్ ayete యేంటి మేజర్ ayete యేంటి తప్పు తప్పే వాళ్లకు siksha పడాలి.,1
చంద్రబాబు నాయుడు సరిపోతుంది,0
Aithey entra koushal mundhu odipoyav kadha enka sigguledhu neku koushal army tho thanninchukuney varaku vurukunnattulevu,0
నిజాయితీపరుడంట....same బాస్ క్వాలిటీస్ చాలా ఉన్నాయంట.,0
మహేష్ అన్న కామెడీ టైమింగ్ సూపర్.. జై మహేష్ అన్నయ్య..,1
అన్న మీరు చాలా కష్టపడి పైకి వచ్చినవారు కష్టం విలువ తెలిసినవారు ,1
Kallu dengaya broo,0
Pakkana una ammai chala baga chasthudh,1
Intha chinna vayasulo mimmalni kolpovadam chala sad anna,1
Hit Kodithe kadhu madam valla tho padukunte offers vasthai vallaku,0
టీడిపి రౌడీల దౌర్జన్యం,0
గరికపాటి నరసింహారావు గారికి పద్మశ్రీ అవార్డు రావడం చాలా చాలా ఆనందంగా ఉంది. ఆయన ఉపన్యాసము భారతదేశ యువతకు ఆదర్శం.  ఆయనకు మరెన్నో గౌరవాలు లభించాలని మనసారా కోరుకుంటూ...వందనములు.,1
అసలు నేరస్తులు ఈ పోలీసు లే.....,0
ఒరేయ్ ఆ పోడుపు కథ అరటీకాయ,1
"సూపర్.... కళ్యాణ్ అన్న, చంపేశారు పొండి.... కేక అంతే",1
అధికారం కోసం తల్లిని చెల్లి ని కూడా వాడుకొని వదిలేసాడు జగ్గన్న ఇంకా మనం ఎంత గొర్రెలం కాదా మనం,0
ఈ సారి ప్రతి ఒక్కరూ జనసేన కి మీ విలువైన ఓటు వేయండి,1
Louda TRS,0
Eppatiki oka 200 times chusa kavacchu ee scene kani prathisari adhe feel adhe goosebumps Raviteja acting ki aa voice lo base ki Rajamouli direction ni dominate chesina one and only hero MASS MAHARAJA ,1
తనకు వర్తించే మాటలన్నీ తన నోటిద్వారానే పలికిన గొప్ప వ్యక్తి.,1
Mike Tyson tho Puri tho cheyadam vijay luck,1
"Deepika cat feeling::: ammababoi nenu kudaa heroine ayipoyaa, camera manalnee focus chestunayi chudanatee buildup iddam",0
kodali nani ki caste pichi valla kulum ayithey pellam kuda gift gah istharu,0
Eetv lekapote adukku tine vallu,0
fans ne like : naaky intrest poyindhi lawda lo ipl,0
పందులు చేస్తాయి.నువ్వు లావు తగ్గు.,0
Ntr yentra బొడ్డు కోసి పేరు పెట్టార?? మీ వల్లే  టిడిపి సగం పోయింది,0
"Pillala gurinchi alochinchi husband tho kaliste andariki baguntundi, pls take care",1
Prajala samasyala gurinchi okaru kuda matladaru kadha ..nice ...,0
"బ్రహ్మీ సాఫ్ట్వేర్ ఇంజనీర్, ఐ లవ్ యు బ్రహ్మ sir ",1
Bangaru Telangana yevarikhi vachindhi ? Ache din yevarikhi vachindhi ?,1
CHETTHAPLAN.  RAAKSHASHATHVAM,0
"దెయ్యాలు కనిపిస్తే ఎవరైనా దాడుసుకు0టారు ..
ఆ రావటం కూడా చూడు ఎలా వంచ్చాడో , అరుంధతి సినిమాలో పశుపతి లాగా",1
"Thq sir,challa chakagaa chayparuu...",1
ఆ మాస్టర్ శ్రీముఖి నందు ఎలక పిల్ల లా ఉన్నాడు,1
Are kojja yeshalu api dad mom ni chudukondiraa,0
Anna yentanna edhi nenu yeppudu chudalee,0
"పెటేస్తున్నారు, పెట్టాడు, పెటేశాడు",0
Pogadali rana ni kuda.. hypo-critic director,0
Ee country lo evaru ekkadikaina vellacchu ex minister adhi thelusuko Mundhu. Neeku mind dobbinatluvundhi ministry pongane,0
"వీడి బొంద. గౌరవం ఇచ్చింది కాబట్టి పక్కన ఉమ్మేసింది. లేదంటే, వీడు అన్న మాటలకి మొహానే ఉమ్మేస్తారు ఇంకెవరైనా అయితే",0
Banisa bathukulu vaddu,0
Konda anna mi attitude ki salute,1
Chala great Andi Ila cheyalanty chala dare vundali,1
మోడీ గా డే ఏమి పీక లేడు నివ్వు ఎంత,0
Hatsoff to you bro e mattalu andhru artham chesuko vali,1
Kutha chimpi. Pardengutha ninnu varshini,0
Ayithe poyi master gaadi modda guduvu,0
banda puku jay gadu bat ela patuvukovali kuda telidhu bcci lo em pani ,0
"bro part 2 cheyandi bro ,chala rojula taravata baga navukunanu",1
అబ్బాయిలకు షాక్ ఇచ్చేవారు వుంటారు.ఇప్పుడు అమ్మాయి కే షాక్ ఇచ్చాడు,1
"Pk cheppindi enti , Veedu cheppedi enti , kulala madya chichu pedadam annatu undi veedu matladedi",0
సాక్షి అంటేనే అబద్దలకు care of address,1
Vishal chandrashekhar aa bgm endhira saami edipinchesaav,0
"ఎప్పుడు పక్కోళా మీద పడి ఏడవటం తప్ప ఎం ఉపయోగం లేదా మీ వల్ల, తాత మీరు ఈ సినిమా చేసే వారా,అది మీ క్యారెక్టర్ నా ఇంకా నయం డీజే టిల్లు కూడా నేను చేసే వాడ్ని అని చెప్పాలేదు",0
"య ""శోద"" లా ఉండకండీ.. యశోద లా (ట్రైలర్ లో చూపించినట్టు ధైర్యంగా ).. ఉండండి..మీకు మేము అందరూ ఉన్నాము",1
"Over confidant ithe alage untadi,,,, super ga cheppi silent chesinav Suma akka,,,",0
Charmie chiraku teppistundi,0
సూపర్ సూపర్ సూపర్  భరణీ  గారు  సినిమా ఇండస్ట్రీ కేరెక్టర్ ఆర్టిస్టు  ల  వేదన  మీకు  బాగా  తెలుసు   చాలా సంతోషంగా ఉంది కృతజ్ఞతలు,1
tom hanks  gudda kompu kodutar manachigah koduko modda,0
Mee  movie hit avvadam chala happy gaa vundhi sir  all the best  kalyan ram garu,1
గిన్నెలు నేను ఎప్పుడు కడగలేదు అన్నప్పుడు viవీడియో ప్లే చేసినప్పుడు గీతూ మొహం చూడాలి kothi la pettindi moham,0
​Avado rasindhi sadavadam appudu manathavo appudu bagupadathav,0
asalu dance undhi chudu bro hats off antey,1
ఈ సాంగ్ కి సినిమా హాల్ లో చేసిన రచ్చ మాములు కాదు,1
అన్నా.....మనం కూడా ఒక మెషినీ కొనుక్కుందాం... మనమే గుద్దుకుందాం....,1
Rgv గారు తెలుగు వారిగా జన్మించడం మన తెలుగు వాళ్ళు చేసుకున్న అదృష్టం,1
oka ammai vi ayundhi illu clean chesthunavu ani complain chesthava siggu techuko,0
అమ్మో నోరేంటి అమ్మ అంత ఉంది  ,0
Adhi ni chellini pakkana pettukoni chusthavara e show family show ga chillra lanjodkalara,0
Cinema  ku title ku samndham ledhu average,1
Boss of Mass చిరంజీవి గారికి పుట్టిన రోజు శుభాకాంక్షలు,1
Expresion em vundavu... Anntiki same expressions,1
Ore sollu apura,0
Edhi yekkadi mass ra mama Jai Bandla Anna,1
ఈ వీడియో చూసి మనిషివా మోహన్ బాబు వా?,0
Rk గాడు బాధ పడుతున్నాడు.  లోపల ఎందుకంటే దాసరి కమ్మ కాదు గా,0
రంగస్థలం అప్పట్లో పాన్ ఇండియా మూవీ గా తిస్తె రికార్డ్స్ అన్ని బద్దలయ్యేవి,1
తొమ్మిది నిమిషాల వీడియో లో 900% కామెడీ... సూపర్ బ్రో నీవు…,1
social media Parma chetha media valu asalu vishayalu telsikounda matladam Manchi Kadu,0
నైస్ సిస్టర్ దేవుడు ఆశీస్సులు నీకు ఎప్పుడు ఉండాలని కోరుకుంటూ మీ chell ని,1
పోలీస్ డిపర్ట్మెంట్ కి ధన్యవాదాలు,1
420 batch loo vedu okkadu ycp party loo,0
ycp party Roudy Rajyam tharimikotali,0
Pillala niyamtrana bharatku yento avasaram.mail or fimail yevarayinasare adhar aadharamga okka bidda matrame vundali.,1
"Kvp ki telusu jagan wtlanti vaado, anduke doiram jarigaadu,  karma emitante ap prajalake teliyatam ledu",0
pichi puku  kukka na meddha nunchi leyi,1
Super sir mee lanti vallu undali si,1
వీడు ప్రసారానికి వెళ్ళ డాంటే ఆడవాళ్ళు కూడా చెప్పులు తీసి కొడతారు,0
"Fake news
News line",1
Vadanam kavalanta daniki... NTR ne burst patinchindi.. Sexiest..,0
"RIP . Sunaayesena Maranam, chaala Goppa vyakthi and even Abdul Kalam Died in the same way.",1
Anduke meeku devudu jabardasth show iccharu varun tej ki anni hits iccharu,1
Mana Janalaki telivi ledhu,0
"ఆ శ్రీ గాడిమీద ఆంక్షలు విధించారు.శ్రీ మోహన్ బాబు గారు, శ్రీ బాలయ్య బాబు గారు, దిల్రాజు గారు, ఇంకా చాలా మంది నిర్మాతలు నిర్ణయం తీసుకున్నారు",1
శివ..శివ..ఆ..వినలేకపోతున్నాం..,1
Arey ktr motham dochukondira me family nasnam aipotharu ra Sochi andi Homa lu cheyandi… me family nasnam aipotharu,0
Meeru super sir,1
ఏ మార్నింగ్ వెళ్ళలేదా ఇంకా ఎందుకు వేళ్ళు త్వరగా,0
Long drive ledu modda ledu normuskoni intlo saavu,0
మీ వాడు మా వాడు మన అందరివాడైన పవర్ పవన్ కళ్యాణ్ గార్కి జన్మదిన శుభాకాంక్షలు,1
ఎందుకు ఈ కలికాలంలో ఇలా తయారయ్యారు ఈ పార్టీలో వాళ్లు మంచి జరుగుతుంటే చూడలేకపోతున్నారా ఏంట్రా ఇది ఒరేయ్ పవన్ నువ్వు సర్వనాశనం నిన్ను ప్రోత్సహిస్తున్న చంద్రబాబు నాయుడు అనే వాడు ఆల్రెడీ బుల్లి తో చేస్తున్నాడు రోజుకు రోజు,0
​kcr ni cm chesindi ilanti sannasi panulu cheyadanikekad cathakakapothe musuko,1
"అన్నీ ప్రభుత్వ వ్యతిరేక వార్తలే.. సామాన్యుడి కి ఈ వార్తలు చూస్తే,
ఆత్మ హత్యే శరణ్యం అనిపిస్తుంది",1
అమ్మ నీకు యామిని పరిస్తితి గురించి తెలుసుకదా నీకూ  అదే పరిస్థితి  వస్తుందని అనుకుంటున్నాము,1
Panikimalina,0
America Agent Jelensky....deshanni nashanam chesthunnadu.,0
Shankar nuv kalsi e chanel ni nadipiyunri manchiguntadi,1
గురువు గారు ఆ చీఫ్ నిక్కర్ లో కూడా కల్తీ కాల్పుతున్నరు... ప్రతి కోటర్ లో కూడా..... ది నమ్మ జీవితం,0
Nakenti bhayya nazriya matladthunte manchu akka matladthunattundi,1
Epudu varaku upload chysina videos e video a clarity ga vundi,1
Rajgopal reddy sir miru super,1
"IPC లో ఉన్న చట్టాలను , రూలింగ్ లో ఉన్న ప్రభుత్వ లకు అనుగుణంగా మరుస్తర...?",0
ఇండియన్ మైకేల్ జాక్సన్ ప్రభుదేవా గారు,1
Daily kottukunte Energy vachidhi,0
"Comparison bagundhi kaani result matuki Bigboss result avvakudadhu 
Blockbuster Hit kottali",1
ఇలాంటి విడియెలు చేసి మగాళ్ళను రెచ్చగొట్టే స్తున్నారు,0
రాము ... ఆమెకు అన్ని రకాలుగా నచ్చినవాడు దొరికితే ఓకే అన్నాక అంతకంటే బెటర్ వాడు దొరికితే అంటున్నావు కనుక ఆమెకు ఎంత బెటర్ మెంట్ అనే దానిమీద క్లారటీ లేకపోవాలి లేదా డిగ్రీ ఆఫ్ బెటర్మెంట్ లో క్లారిటీ వచ్చిఉండాలి,1
Pakkode meda pade edvadam tappa inkem radhu vedeki,0
Slient pettu bangaram phone,0
Telugu lo sesh chala intelligent screenplay writer .. Chala talent vundhi manodiki,1
Anchor nuvvu super ga vunnavu,1
ఓల్డ్ సిటీ వాళ్ళు మంచి నాయకుడిని గెలిపించుకోలేకపోతున్నారు.అందుకే ఓల్డ్ సిటీ develop అవ్వలేదు,1
ఆ సాంగ్ ఏందిరా నాయన.. అని సమంత కి అయినా. సిగ్గుండాలి,1
shami vadu vadi erri puku fielding,0
chiru papam lal singh chada valla 13cr loss aiyadu,1
​vaadikasalu em maatlaaduthunnaado clarity ne ledhu malli maatlaaduthunnaadu yedhava,0
Astrologer Pradeep Joshi  pedda book gaadu,0
ఎవరి బ్రతుకు వాళ్ళది మరి ఇంత పబ్లిక్ చేయాలా... రిప్ సొసైటీ....,0
Super comidy mi cinima hit kavali,1
తెలుగు దేశం నాశనానికి ఈయనా ఓ కారణం తెలంగాణ లో,0
tara bhai joginder oka chinal chutiye manishi paniki malina vadu,0
మాటలో చెప్పలేనంత పేమా ,1
eknath kicheppu  tho dengali,0
సాక్షి ఎప్పుడు కరెక్ట్ రాసింది... అది ఎప్పుడు తప్పే రాస్తుంది,1
Seemasimham ante ila undali great MLA gaaru Dharmavaram prajalu adhrushtavanthulu.,1
Chi pooja Hegde tho polika anti aame kante meere baaguntaaru ,1
E bogada aadi gadu unte show sanka nakinatte,0
Arey ni bondha ra chetha na kodaka,0
nenu prathi sari anthe 60 days deeksha ayyina mala theeyali anipinchadu enduko,1
"Already Political lo Jagan Mohan Reddy Garu Back to Back sixes kotti chupinchadu
Edariki",1
ndharu evarni choosthunnaro Kaane Nenu Maatram REAL HERO Sonusood Sir Ni Choosthunna,1
Nuv velli vani solla cheeku aithe,0
మా అసెంబ్లీలో బెస్ట్ కమెడియన్... మా మంత్రి మల్లన్న ,0
ఎవర్తిరా ఇది. దిష్టి బొమ్మకి గుద్దలేసినట్టుండాది.....,0
"నిజమైన లౌకిక వాది మన ఫిరోజ్ అన్న ,, జై హింద్",1
"ఓరిని నెరేషన్ తగలెయ్య రాజీవ్ గాడ్ని మించిపోయావ్క , సూపర్ జి edava",0
Veedu dinni kuda vadili vundadu,0
Nvvu first e channel dheni kosam pettinav kcr kosama peoples ki emaina prayojanam vundhara entha sepu kcr sanka nakuthunna,0
"Anasuya, నువ్వు జబర్దస్త్ షో లో చేసేవి ఏమిటి, వేదాలు వల్లిస్తున్నవా! అసలు బూతులు నీ షో నుండే మొదలు పెట్టారు. ",0
"India an Russia are best friendly countries evaru dislike chesaro vallu pak , america nd china ollu ",1
తమ్ముడు రష్మీ కూడా నీ పాట కు ప్రాణం పోసింది,1
Haaa calu chalau ......okaaaa akalitho vunaaa lion eyes ...avi ....jai mega power star.......jai charan jai jai charan,1
super cover drive puri babu,1
bjp ki siggu saram lanja paruvu emi ledhu,0
శేఖర్ గారు ఇప్పుడు ఇలా వేరే అమ్మాయిలతో చేస్తున్నావ్ లేదా అలాగే రేపు నీ కూతురు కూడా ఉంది మర్చిపోకు మాస్టర్,0
modi gandhinagar panties dongaledhe vadhu vadu enti pm mari chillar gah,1
Charan cute cute expressins  chala bagunnadu,1
"Chala good news,cheppavu anna, KCR ni lopaleyandi.? Kaleswarm project katti chalu . Andaru potaru KCR.KTR.hareesh Rao andru potaru.trs party ne vnda du                                                                                                                                                                       Soniya gandhi,Rahul Gandhi ne vodalle Modi.eka KCR family'yentha",1
Lanjakodukullara mellaga chusukoni pondi ra. Lanjakodukullara,0
Na friend valla papa ki operation ite Aravind gari foundation help chesindi. He is really doing a commendable job,1
"కొన్ని ycp పందులు pk పెంట తిని మెసేజెస్ పెట్టె ఉద్యోగం చేస్తున్నాయి,రాష్ట్రము ఎటు పోయిన పందులకు బాధ ఉండదు కానీ అన్న పెంట దొరక్కపొతే బాధ పడతాయి,అటువంటి పందులు ఇక్కడ మెసేజెస్ పెట్టున్నాయి చూడొచ్చు ",0
"unde money tho manchi mirror konukunivunte, intha money loss chesundevadika",0
Ramcharan garu mari intha introvert ha devuda decent ga unnadu Fidha Ntr rajamouli suma garu next level super,1
​navuthunava potti noodles  chalu ra e janmaki,1
ఈ ప్రోమో కోసం ఎంతమంది ఎదురుచూస్తున్నారు,1
jabadrasth oka chillaru show  anni double meaing daniki lnja roja inka rashmi,0
natraj chala bad behaviour,0
Dīnam'ma jīvitaṁ..... Okka postive kāmeṇṭ kanīsaṁ cūdāṁ ani vetikina dorakaṭlēdu kadā anvēṣa.....,0
రోజా గారికి దూల తీరింది,0
Megastar antey adi. Em expression ra babu...Comedy....action.....dialogues.....Dance ayithey ika cheppoddu...,1
Hero ni Baga encourage chestundi papa....,1
naku telusu ra nuvvu thedha lanja vi anni,0
Ilanti avamanalu chiru ni megastar ga nilabettai.. He is our inspiration.. Love you chiru..,1
Baabu gaari టైంలో మంచి పేరు తెచ్చుకున్న ఫకిరప్ప ఇలా దిగజారి పోయినాడేమి దేవుడా,0
"మీ ఎనాలిసిస్ ...వెరీ ఇంట్రెస్టింగ్, రియల్. we listen meticulously. we appreciate you",1
ee desham lo politians purugulu paati nasinam kavali,0
Ee yadava monna balayya nu kuda alage annadu,0
పొరపాటున jr.ఎన్టీఆర్ గానీ BJPలో చేరారనుకో.బుర్రతక్కువోడా నీబుర్ర రామకీర్తన పాడుతుంది.అదెలాగో నీకు 2024కి ముందే తెలుస్తుంది నీకు.,0
Mana account lo amount unte adi digital rupee kada?,1
అసలు మాట్లాడకే రాదు నికి ఎంపీ పదవి ఎలా ఇచ్చారో,0
​narendra nee matladi etuvanti prayajanam ledhu,1
అన్నా నువు ముడ్డి కడుక్కోకు.ఆ నీళ్లు వృథా కావు.పొలాలకి నీటి కరువు వుండదు.,0
ఆయన గొప్పవాడని పొగిడినప్పుడు ఆయన లాగానే మీరు కూడా ఉండాలి కదా,1
Potaru potaru array,0
​trs nu odinchedhi only bjp,1
మీరు చెప్పే ప్రతి విషంలోనూ ఒక విలువైన అర్ధం ఉంటుంది బయ్యా . నేను హిందువుని అయినా ఇంతవరకు పవిత్ర భగవత్ గీత చదవలేదు కానీ మీరు చెప్పే ప్రతి విషయం పవిత్ర భగవత్ గీత ఆధారంగా చెపుతుంటే చదవాలనిపస్తుంది.,1
"Kapu udhyaamam lo train tho modalapettav, naasanam chesesav ra",0
ap lo jagan anna debbaki metro ledhu le bro,0
Annnaaaaa...... Ekkadikellav anna innirojulu.. Pandemic time lo ni postmortem videos tho na stress antha pogattav especially with Saleem review...,1
podhune bevars gaallekkuvayyaru.,0
"అయ్య ఇది ఎవరు ఎడిట్ చేశారో వాళ్లకు నా నమస్కారాలు , రేపు జరగబోయే ది. కరెక్ట్ గా చూపించారు",1
Asal mamulga ledu ...thop... awesome,1
జానీ బాయ్ బాలీవుడ్ కి మన తెలుగోడి పవర్ చూపించావు,1
ఓరీ నీ తెలివి తగలెయ్య నీకు ఇలా అర్దం అయ్యిందా,0
 Kcr gadu em pikindo cheppu ra shanka  r,0
Cup పాకిస్థాన్ దే.... అదృష్టం కలిసి వచ్చింది.... All the best పాకిస్థాన్,1
"రాజాసింగ్ హిందువుల ఐక్యత కోసం యెదురు చూస్తున్న వాడు. మనందరం ఈయన సత్తా ను గౌరవిస్తూ మన ఔన్నత్యం కోసం కలిసి మెలిసి సాగిపోదాం.
మన బతుకులు గౌరవమర్యాదలకు మన సంఘటిత శక్తే రక్ష..",1
Arey edi ammai kadura anti,0
శివ అన్న నువు నవ్వుతూ నరకం చూపించే వాడివి అన్న... నీ ఇంటర్వ్యూ కి వచ్చే వాళ్లకి,0
3d player ha boogu ha asla bat pattukovadam raadu,0
Meeku ichindhi mamulu post kadhu....svbc chairman ante manchi post...meeru daani missuse chesukunnaru...jagan gurinchi pk gari gurinchi kadhu.....meeru avakaasamu miss use chesukunnaru....,0
తెలంగాణ ప్రజల ప్రాణాలతో ఓచినా పదవి నీది..నువ్వు ఎదో చేస్తావని నిన్ను గెలిపించం కానీ నువ్వు చేసింది ఏం లేదు.,0
Muddu scene avasaram emundi.  Valla love kanipistundi ga,1
మీ నాన్నగారిని కాంగ్రెస్ పార్టీ కాపాడుతూ వచ్చింది,1
మా పరిస్థితి కూడా అలానే ఉంది స్వామి,1
Asalu ka paul time ivvakudadhu amitashaku andhukante ayana 120 deshala pm lanu ayana kalisaru,1
జగన్ & కో కులం మతం ప్రాంతాల మధ్య చిచ్చు పెట్టి చలిమంట కాచుకొనే దండుపాళ్యం బాచ్,0
Ram charan eyes lo aa fire choostunte goose bumps,1
ఓమ్మో నీ నటనకి ఆస్కార్ అవార్డు కూడా తక్కువే.....మాటల మాంత్రికుడు మల్లయ్య,1
సూపర్ మేడం బాగా చెప్పారు ,1
Okkasari chance ivvandi Chala manchi manishi CM Kavali Jai Janasena,1
"Rajakeeyam lo nenu miku full opposite kani, miru mee brothers gurinchi chepthunte na kallu chemarchayi nagababu garu, really love you",1
బ్రో వచ్చావా ఈరోజు కూడా రాకుంటే పేపర్లో వేపిద్దం అనుకుంటా  వుంటి,1
Elanti valanu encourage cheyadam media valu tappu. Veeri mida government charyali tisukovali. Naku telisi jatakalu emi vundaavu ani medhavlu chala mandi chepparu. Public nu cheating chestunnaru.,1
I love her voice....Nice girl వాగ్దేవీ మేడం so sweet of you ,1
Chillara Vedhavalu  ruling and ruined the State. Andhrulu andhuly enjoying for their overenthusiastic attitude. Sani dapurinchina Rashtram ,0
Arey sully chikku ra andharridhi interest life untadhi pichi lanja,0
Mahabharatam lo sakhuni mama famous mana Andhra bharatam lo jagan mama famous..,0
King of over acting  Anna ki best over actor award always goes to vijay konda babu ,0
బాగా చెప్పారండి ఇలాంటి వాళ్ళని మళ్లీ గెలిపించుకుంటే ఇంకా బూతులకు హద్దు పొద్దు ఉండదు. ఏమాత్రం సంస్కారం ఉన్నోళ్లు అలాంటి వారికి ఓట్లు వేయరు,1
Twitter tillu gabi banisa,1
ప్రభాష్ అన్నయ్య అంటే ఎంత మందికి ఇష్టం మళ్ళీ మళ్ళీ ఈ షో చూడాలి అని ఎంత మంది కి అనిపిస్తున్నది ఐ లవ్ యు డార్లింగ్ ప్రభాష్ అన్నయ్య ️️️,1
ఇండియన్ మైకేల్ జాక్సన్ ప్రభుదేవా గారు,1
మేడం మీలాంటివారు ఉండాలి యువర్ గ్రేట్ మేడం కంగ్రాట్యులేషన్స్ మేడం,1
రాజు గారు ఆమంచి రోజు కోసం ఎదురు చూస్తున్న సార్,1
ఇదంతా మల్లెమల పుణ్యం మల్లెమల మొత్తం బోకు మాల అయిపోయేది,0
mahesh babu gari die hard fan,1
Over action Varsha camera visual kosam,0
కష్ట పడకుండా డబ్బులు వస్తే చాలు ఈ ఆడవాళ్లకు,0
చెప్పుతో కొట్టినట్టు సమాధానం ఇచ్చవుగా,0
వీడీ పేరు రాంగోపాల్ వర్మ! వీడి చేతిలో పడ్డ అమ్మాయిలు అవుతారు ఆలు కుర్మా,0
Power star antha scene ledu,0
Adhi flatform kaadhu platform,0
Mallareddy Dookudu cenima lo bramhi character correct set aithadu,1
మోడీ అద్వానీ గారు పెట్టిన బిక్ష పెట్టారు కాబట్టే నువ్వు ఇపుడు ఇలా ప్రధాని స్థానంలో ఉన్నవని మరవకు చాయి వాలా మరవకు గతాన్ని,0
రేయ్ నీకు నేర్పించి వాన్ని దెంగల ఫస్ట్ గుద్దా మూసుకొని స్కూల్ వెళ్ళి చదువుకో ఎర్రి పుష్పం గానీ పనులు చేయద్దు,0
Super ga chepparu like a teacher good knowledge,1
Aree aadi entra ni balupu... Koncam siggu emaina unda,0
basavraj oka rapist gadini support chesthunnadu endhuku vadu brahmin kabati,0
Charme intha over action enduku chestondi,0
ఇది యూ ట్యూబ్? లేక బ్లూ ఫిల్మ్స్ ట్యూబ్?,0
Jai congress jai congress win pakka jai reavtha Redd,1
Nalla Baalu nuvvu evadara  jagan anna ni tidava,0
"ఓం జై బోలో గణేష్ మహారాజు కే జై
ఓం నమో బ్రహ్మా నమో విష్ణు నమో నమః Jai Hind జై శ్రీ రామ్",1
నిన్ను పిలుస్తలేరని బాధన రోజా గారు.,0
Niv hero entra lafoot gs,0
"వరిని యాచించని జీవితం,, ఆయాసం లేని మరణం,, మరణం తరువాత నీలో ఐక్యం కావాలి అని అష్ట దిగ్గజాలు లో ఒకరు ఐన ధూర్జటి కవి చెప్పారు..         అదృష్ట వంతుడు.",1
pragya thakur oka dogga baba dani endhuku mp ayindho telidhu pichipuk janalu andhey north india ala vundhi,0
 అమరావతి రాజధాని మ్యూజికల్ చైర్ గేమ్. No Stop no sit. Very good game in AP,1
Nag sir la natural ga evaru matlada leru...nag sir super,1
సిగ్గు లేదు ప్రభుత్వానికి స్కూల్ కి ఇలా ప్రవర్తిస్తున్నారు . ఇంకా చదువులు ఎందుకు,0
Prajalu question cheyanantha varaku politicians mararu. Politics marav. The great AP people,0
సినిమా చాలా బాగుంది నేను చూశాను,1
పాప ఇతరులకు నమస్తే పెట్టడం చాలా బాగుంది ఇది మన సంప్రదాయం అంటే,1
"సినిమా వరకు PK OK...
పాలిటిక్స్ నో...నేను నీతో ఏకీభవిస్తున్నాను bro.",1
Bokka la vundi movie,0
ఒక సారి నీ మీద ఎన్ని కామెంట్లు  రాస్తున్నారో చూసుకో,0
sanka naaku ra ..papi ga chn dhi,0
నువ్వు చేపింది ఎవడు నమ్ముతడు సిగ్గు ఈజ్జతి ఉండాలి చెప్పడానికి  తు,1
Ravi అన్న అన్నది నిజమే అని ఈపాటికే నటరాజ్ మాస్టర్ కి అర్థమైపోయింది...నటరాజ్ మాస్టర్ ఇప్పటికైనా మనిషి గ మారండి...,0
"Em bathuku ra Nidhi, oka MP vi state president vi , nuv slippers moyadam entra vedhava , telangana ijjath tisinav",0
Minor major ani kadhu mind set important.. Major ithe emina chayacha.. First e role thisayali.,1
Vere level lo undhi performance... looking very handsome,1
Vaniki nukalu daggara paddai anna,1
ఆలా అడిగింది.. ఛి దానికి కొంచెం అయినా సిగ్గు... బోకు దాన,0
"అప్పుడే అడుక్కునే స్థితి వస్తే
ఇంకా ముందు వుంది ముసలి పండుగ",1
Induke mimmalni YCHEEPI chavata sannasulu andi,0
మరి CBI వాళ్ళు 16 నెలలు పీకింది.,0
naresh pottigane vundura famous ga vuntav,1
"నువ్వు నిజమైన హీరోవి, పవర్ స్టార్ లు , మెగా స్టార్ లు తెరమీద మాత్రమే హీరోలు, నిజజీవితంలో వాళ్ళు జీరోలు",1
Mem vallani star's chesam Inka yem cheyali okka Pani cheye bro Nuve ne wife ki Pawan deggara ampi ne vatha aye potundi k na,0
కామానికి కళ్ళు లేవు ....,0
రాజకీయాలు ఏమో గాన)ఇలాగే ఎప్పుడూ  వు౦డాలని ఆసిస్తున్నా,1
prathi chillara gadu harsha-sai gurinchi matladame help chesina tappu ye ra babu meku,0
"​ఇప్పుడు వీడు చేసే గాయాలే ఎక్కువ, దరిద్రపు సీఎం",0
సినిమా చూసిన దానికన్నా మీరు చెప్పింది బాగా అర్ధం అయ్యింది మేడం,1
Box office Amma mogugu Charan Anna,1
Ñeela oka 1hr kuda undalem sir jai rgv,1
Miru enta mothukunna prajalu mararu. Elections vaste  tisukoni  vote vestaru......,0
సౌండ్ రాకుండా కొట్టుకోండి,0
ఒరేయ్ ఇది కామెడీ షో నా లేదా లంజల కొంప నా,0
అన్నా నిజంగా చాలా రోజుల తర్వాత మనస్ఫూర్తిగా నవ్వుకున్నాను  tq anna keep doing like this,1
రాధాకృష్ణ గారు చాలా సంవత్సరాల తర్వాత మీరు సంతోషంగా కనిపించారు శుభాభినందనలు మీకు గౌరవ గవర్నర్ మేడంగారు నవ్వుతూనే నిప్పులు చెరిగారు,1
Prabhas ki shoulder leg surgery chesaruu then how can he maintain six pack body he also human being I think now recent prabhas pics r good,1
లోకేష్ అన్న ఇప్పుడు ఇస్మార్ట్ శంకర్ లా తయారు అయ్యాడు పంచ్ ల మీద పంచ్ లు,1
Lakshmi paravathi bsthapitam cheste mi cbn telagana lo bustapitam chesadu tdp ni,0
అసలు వీళ్ళ బిల్డప్ ఏంటో నాకు అర్ధం kavatle,0
AP lo JAGAN center amit shah peddha yedavalu vallu vunte desham sankanaki pothadhi,0
Ycp లో నువ్వు చేసిన ఎదవ పని కి పార్టీ నుండి సస్పెండ్ చేసారు... అక్కడ తంతే ఇక్కడ పడ్డావ్,0
Ni bondha ra  NTR records badhalu kottava..!?,0
విశ్వక్ మంచి పని చేశారు. Tv 9పిచ్చికి మంచి గుణపాఠం.. చెప్పారు,1
సుకుమార్‌కే ఇన్‌స్పిరేషన్‌ పూరి... పూరికే ఇన్‌స్పిరేషన్‌ వర్మ... ఎలాంటి డైరెక్టర్లు ఉన్నార్రా బాబూ మన టాలీవుడ్‌లో... కానీ ఎవరికీ ఇగో లేదు. ఒకరిని ఒకరు ఎడ్మైర్‌ చేస్తారు. అందుకే బాలీవుడ్‌కి దడ పుట్టిస్తున్నారు. జై తెలుగు తల్లి! జై తెలుగువాడు! ఈనాటికైనా తెలుగువాడి ప్రతిభని గుర్తించిన బాలీవుడ్ ప్రేక్షకులకి ధన్యవాదాలు,1
Neevi pichi kekalu,0
"Mundu aa thumbnail thiseyandi , please respect players evadu ani ala thumbnails pettakandi",1
తెలంగాణ రాష్ట్రం త్వరలోనే శ్రీలంక   దేశానికి వచ్చిన  ఆర్థికమాంద్యం  కరువు కాటకాలు రాబోతున్నాయి ప్రజలందరూ  అనుభవించడానికి సిద్ధంగా ఉండాలి Rip TRS government   సీఎం కేసిఆర్ కి నివాళిలు  అర్పించాలి😭😭,0
ఉన్న తమైన జీవితానికి భగవాన్ శ్రీ కృష్ణుడు చూపిన మార్గమును చాలా చక్కగా వివరించినారు. మీకు ధన్యవాదములు.,1
Nuvvu bjp b party ra houle,0
శివగారు మీ anchoring చాలా చాలా బాగుంది..simply superb...u have a bright future…,1
Ni comedy kosam mi nanna paruvu thisthunnav kadara,0
Ha bokkale veedu vadi babu lage,0
Jai megastar e director good మూవీస్ teesadu,1
media lu bjp thothulu bjp ni chusi avaru vote veyaru candidate chuastharu Anni andhari ke thelusu jai congress,1
బాగా టికెట్లు కొని వాళ్ళ ఆస్తులు పెంచండి,0
Ami parvaldhu.vedu pedha bokka,0
నీ బతుకు ఏంటి నువ్వు ఏం పనులు చేస్తావ్,0
Sri Chaitanya sports encourage chesthundhi antey Naku namadam kastam ga undhi,1
Jayaho Janasainiks. Oka lakadi gadi gurinchi time waste chesukovaddu. Prajalu chepputho kotte rojulu daggaralo unnayi,0
Cheating cheyadam kante coolie pani chesukoni bratikite chala happy ga vuntundi. Mi lanti vari matalu mudhanammakalu vundevaru nammutaru,0
సర్వసంగపరిచావులుగా ఉండవలసిన సన్యాసులు నీకెందుకు రాజకీయాలు,1
pavitra ni gudda awesome ni age ni figure ki salute,0
Annayya undi kuda miss avuthunnavaru ,1
vd manchi actor kaani konchem decent ga matladite andariki nachutundi and mee vd Inka famous hero avvochu kada. Just my opinion anthe,1
asla munawar ni endhuku deport cheyali chesthe ni pellam puku deport chestha,0
ఆకలితో అయినా చనిపోతాను గానీ ఆత్మగౌరవం తో బ్రతుకుతాను i like it,1
ఇలాంటి నీతి వాక్యాలు మీ ఒవైసీ కి కూడా చెప్పు,1
nirmala sitaramn mm singh  attu tho samanam,0
చెప్పేది పూర్తిగా చెప్పనిస్తే సరిపోతా ది,1
Vijay devarakonda is my attitude hero.andharu hero lu okalaga unte vijay matram vere laga untadu.lets support him,1
Ninnu dengestanu,0
Gorgeous BEBAMMA,1
anna ni acting peddha namaskaram,1
ఇలాంటి వీడియోస్ కి మనం లైక్ వేసి ఇంకా వాళ్ళని ప్రోత్సహిస్తుంది ఫస్ట్ వీడియోకి లైక్ చేయడం మానేయండి,0
kajal oka bitch  naku modda dani notlo pettali anni vundhi,0
Neku ministar padavi poiana sigguledu nanigaru,0
Mari neethulu endhuku ra yadhava.... Collection chasukoni galichanu anavu.... Mari u are not law obedieing person...... Sreeranga neethulu apu..,0
Venky mama ekkaduna positive vibes anthe,1
"Kaleswaram sanka nakenchendevaru
Dora",0
నీతి నిజాయితీ గా ఉన్న వాళ్ళు కు దైవబలం 100% ఉంటుంది ,1
Kuthaa chinchi padi dengav raa,0
Ktr gudha ninda pogaru,0
అంటే యాత్ర లో నడిచేది మొత్తం వాళ్ళే అన్నమాట,1
ANJI MAMA AND SATHI ANNA COMBINATION ADHIRINDI,1
Asala eamyna rhyming unda,0
Edo bajaru lanja edi di ni action,0
హిందూమతం కుటుంబ నియంత్రణ పాటించడం కొంతమంది క్రిస్టియానిటీ కన్వర్ట్ అవ్వడం అవ్వడం వలన హిందూ జనాభా,0
ఎన్నో కోట్ల మంది గుండెల్లో నిలిచిపోయిన దేవుడు ,1
మేము ప్రజలకి ఫలానాది చేస్తామని చెప్పుకొని ప్రజల్లోకి రావాలి ఏ బొక్క లేదు వచ్చి ఏం పీకుతారు,1
Are pichi sulli gah   entha tiskunavra trs daggara,0
elangana prabhuthvam Andhuna POINT KALYAN vaadi AMMA ni DHENGINA prabhuthvam kadha ..No doubt,0
చాలా చక్కగా చెప్పినందుకు అది కూడా తెలుగులో థాంక్స్ శ్రీ రెడ్డి గారు,1
తెలంగాణా గురించి మొదటి  గా మంత్రి పదవికి రాజీనామా చేసిన గొప్ప మనిషి.. కోమటిరెడ్డి,1
Annaaaa navvii navvvii stomach pain vachindhi ,1
ముందుగా ప్రజలు మారాలి చట్టాలను కాపాడుకోవాలి స్వతంత్రంగా మన ఓటు మనం నిజాయితీగా వేసుకుంటే చాలు,1
300 mandhi hindus ni champina modi malla vadu oka pm ,1
Jai Prabhas Anna ఆరడుగుల ఒక మంచి మనిషి,1
Ee vaakhyam RRR lo Ram Charan jail scene dheggara vaadaru.,1
భయం లేని వాడు RGV కాదు వాడి ముందు పెర్ఫార్మన్స్ చేసిన శంకర్ ,1
సర్...మీరు చాలా బాగా చెప్పారు ...ప్రజలకు అర్ధమయ్యే విధంగా మాట్లాడే నాయకుడు ఎవడైనా ఉంటే అది   మీరు...హాట్సాఫ్ సర్...,1
గుద్దు గుద్దు మామిడి,0
Sir me jantta chala bagunttadhi sir eppudu meru Elage happy ga unddali sir nenu meku chala pedha fn nnni,1
"ప్యాకేజి తీసుకొని  బ్రతికేవాడే 
ప్యాకేజీ  గురించి మాటాడుతున్నారు",1
"Dil raju cinema ban chestam from degree college group students and antha tamil rockers, paniki malina rajuga",0
అటు MIM. నేత. ఇటు.Bjp.నేత.ఈద్దరు నోరు అదుపులో పెట్టుకోవాలి. అప్పుడే ఈ దేశం లో అల్లర్లు అదుపులో ఉంటాయి.,1
జీవితాంతం గాలికే వదిలేస్తారు ,0
Mamauluga undhadhu mari ntr anthe,1
శ్రీదేవి డ్రామా కంపెనీ షో వల్ల ఎంతో మంది టాలెంట్ ఉన్నవారు బయటకు వస్తున్నారు.,1
doralu antene chathagalu west doralu siguledhu kkr and kcr,0
పోలీసు లు కాదు వీళ్లు బ్రోకర్ లు,0
వావ్ సూపర్ సమాజానికి మంచి సందేశం ఇస్తున్నారు కదా సార్,1
​gayathri medam super cheppinav good,1
ఉద్యోగం జాగర్త! నువ్వంటే పడకపోతే మీ ఆఫీసర్ సస్పెండ్ చేస్తడు!,0
బౌలింగ్ వరస్ట్ ఇండియన్ టీమ్ ది..... ,0
మంచి వెక్తి చిరంజీవి అంటే ఎందరకో ఆదర్శం,1
Bonda Uma oka porambokuvadu,0
సరచాలు చాలు.... నీకేం పోయే కాలమే వాంతో చేపించుకుంటావు,0
donga Malli gani gurinchi oka vedio cheyandi,1
ఈ గుర్రము ఎక్కడికి పోతుంది,1
"​అయినా, వైకాపా, భాజపా దోస్తీ నడుస్తూనే ఉంటుంది.",0
ఏ హీరోని ఏ దర్శకున్ని  రెమ్యూనిరేషన్ తగ్గించుకుని అడగకూడదు ప్రజలు గుడిసి పోవాలా అంతేగా,0
samantha oka trigubothu lanja chai lanti mogudu vadilesindhi,0
 Iddaru same dress try cheyandi ,1
anusya potti potti dress esukoni expose chesthe hot rape sexy fogure comments tappa em vasthaai,0
Karma ra babu ... yesterday kohli interview lo  clarity ga cheppaduga mallem ra babu ilanti sollu cheptharu,0
RGV శిష్యులు like హియర్,1
మేకప్ లోనే ఇలా ఉందంటే మేకప్ లేకుండా ఎలా ఉంటుంది,0
Denni enduku asal famous chesaru enta chillar di,0
"ప్రజలు తప్పకుండా మంచి చెడు గ్రహించి, చదువుకున్నవారు ఇట్లాంటి విషయాలు తెలియని వాళ్ళకి తెలియచేసి రాబోయే రోజుల్లో విజ్ఞతతో ఓట్ వేసి ప్రజాస్వామ్యం ని కాపాడాలి అని మనవి…",1
Anna nenu evvale e cinema chusa super cinema bro ne entry super,1
Vera level sir,1
అందరి మంచి vaalalo oka  yadava ఉన్నాడు?? కనుక్కోండి చూద్దాం......,0
babu gogineni gaaru chaala manchi reformer mana ilanti vallu kavali ,1
Deneke paneameladau. Vadeke paneameladu.neku.paneameladu. Raa,0
"Comedian ante HYPER ADHI la vundaali. Suddheer gaadu same joke prathi program lo vaaduthaadu , veedu assalu comedian kaadhu.",0
"బండ్ల గణేష్ గారు మీ మాటల్లో,, మీ వాగ్ధాటిలో పరిణితి కనిపిస్తోంది బాగా.. చాలా చక్కగా,స్పష్టముగా ఉన్నది ఉన్నట్టు మాట్లాడారు.... సూపర్ సార్ మీరు.",1
"Arey Ntv, meeku hindi, English rakunte musukoni undu. Kohli manchiga cheppadu rohit manchi friend ani, idhi 2yrs nuchi cheppi cheppi alisipoya ani. mee news kosam godava pettakandi",0
Miru Theda ga kanipisthunnaru,0
"Anta manchi job chestu govt ki tala vanchi bratakadaniki siggundali,",0
గుద్ధ దెంగిచుకోవడానిక,0
arey neeku nenu ela antha pichi puku edava laga kanapadhuthava po ra babu,1
కొంచం  కుడా    సిగ్గు లేకుండా ఇంతా ధర్యం  గా సమాధానం చెప్పే మనిషిని  ఇప్పుడే చూస్తున్నాం ఒక్కో ప్రశ్న రాడ్ దింపినట్లు అడిగారు RK గారు సూపర్ ,0
అహం+కొవ్వు=ఈగో ఎక్కువయితే అంతే మేడం...,0
మల్లారెడ్డి సీరియస్ అయితే బ్రమ్మా నందం సీరియస్ అయితే ఎంత కామెడీ గా ఉంటుందో అలా ఉంది,1
"Don't worry Lokesh garu. if Government could not do it, Madam will hang them with in 21 days. Jabardast challenge. count down starts. They will be hanged under Disa act at any cost.",1
Peoples be like: nuvvu nijanga erripukivi ,0
"గౌరణీయమైన ముక్క్యమంత్రి గారు, మీపైన ఎంతో నమ్మకంతో మిమ్మలిని మీ పార్టీ ని గెలిపించినందుకు , మాకు బాగా బుద్ది వచ్చింది.  అభివృద్ధి గురించి మాట్లాడటం వదిలేసి, ఎంత సేపు పక్కన వాళ్ళ గురించి మాట్లాడటం ఏమి బాగోలేదు.",1
భర్త పోయడమే బెంగ లేదు సురేఖకి కూతురికి తల్లి క్లబ్లో తిరుగుతున్నారు,0
Hanu గారు is a very descent and dignified person unlike the arrogant petty giramouli. Hanu గారు is very simple and down to earth person. Best wishes to him.,1
Chinna herola mida Chinna cinemala midane mi prathapam...Devi is now playing Lady Victim Card  against Viswak Anna...We All Public should support him...Stay strong Anna...we are there...we will make ur movie to go well...,1
Ravaali pavan...jai janasena,1
ఇలాంటి నటుడు మళ్లీ పుట్టాడు తెలుగు ఇండస్ట్రీకి దొరికిన ఆణిముత్యం మా జీవ సార్,1
veedu jagan sanka Baga nakeshadu,0
అక్కడవరకు వెళ్లినవాడు చెప్పులు వేసుకుంటాడు కదా వీడి ఓవర్ యాక్షన్...,1
Yenta spastanga ame voice undo chudandi...,1
Evaru vunauru akada super,1
"Aa yedawa, daddamma yewadoo kaadu mohan babu",0
Ra Ne aka chaputho dangu..tha lan.a na kodaka,0
Rashmi tho kalisi oka manchi love story movie theeyi sudheer anna..,1
అన్నయ్య కి ఒక్క ఛాన్స్ ఇద్దాం,1
చిరు అన్నయ్య పేరు ఎత్తకపోతే కొందరికి భవిషత్ లేదు,1
Inni rojulaki veedni correct ga dengaruuu,0
బిజెపికి తెలంగాణలో ప్రాణం పోసింది రాజసింగ్ మాత్రమే ఇది బిజెపి వాళ్ళు గుర్తుంచుకోవాలి జై బిజెపి వచ్చే ఎన్నికల్లో కూడా బీజేపీ కలవాలని కోరుకుంటున్నాను,1
ycp paytm batch vachhindi,0
Sir last time kohli newzealand T20 series lo oka runout alany chesadu .. mind-blowing runout sir adhi,1
"దేవీ దేవతలను కూడా అన్నప్పుడు రియాక్ట్ ఎందుకు కాలేదు ఖాన్?
ఎందుకు దేవుళ్లను ఇలా కించపరుచుకుంటున్నారు!",1
Jagan is unstoppable ,1
"మొన్నామధ్య ఒక గమ్యం, నిన్న ఒక మళ్ళీ మళ్ళీ ఇది రానిరోజు , నేడు ఈ సీతారామం. నిజంగా హృద్యమైన సినిమాలు. ఇలాంటి సంస్కారవంతమైన సినిమాలు కూడా అప్పుడప్పుడూ రావాలి. జనాలు బాగా ఆదరించాలి",1
"పార్టీ కి ఆపాదించడం కాదు పార్టీ అండ చూసుకుని విచక్షణ లేకుండా మాట్లాడుతున్నారు,నేను కువైట్ లో ఉన్నాను,ఇండియా వస్తువులను ప్లాస్టిక్ తో కప్పేసారు",1
రమణ గారు మీ వాయిస్ సూపర్ పేస్ ఎక్స్ప్రెషన్ సూపర్ ప్రపోజ్ సూపర్ అల్ వేస్ యూర్స్ పర్ఫెక్ట్,1
చాలా బాగా చేస్తారు మీరు ....అభిమాని అయిపోయాను మీకు,1
Super star krishnagari movie vundiga ee name tho movie,1
ఓం నమో నారాయణ,1
ఈ పాట కోసం ఇన్నీ రోజులు వెయిట్ చేశాను ఇప్పుడు వచ్చింది,1
ఇలాంటి సినిమాలను ఆదరించిన ప్రేక్షకులకు. ధన్యవాదాలు చెప్పాలి మంచి మూవీ ని ఇచ్చిన. కళ్యాన్ రామ్ వశిష్ట. చిత్రం బృందానికి ధన్యవాదాలు ఇండస్ట్రీ కి. మంచి. హిట్. మూవీ,1
నాకు పెళ్లయిన తర్వాత నుంచి నేను ఏమీ కనిపెట్టలేక పోతున్నాను అన్నయ్య,1
కొరియన్ సినిమా హీరోయిన్,1
కుత్త చించి పరా దెంగావు,0
Assembly lo thittukodanike miru vachedhi,0
చంద్రబాబు శివుడు లాంటి వాడు.. విషాన్ని కూడా తనలోకి తీసుకుంటాడు...ఇక ఇలాంటివి ఒక లెక్కే కాదు.,1
Kindha Midha Upu Doctor Samaram Sir Thopu ,1
Nenu chusina all speech lo ekkuva sarlu chusanu,1
ఇదే చైతన్యం అంటే. తిరగబడం అంటే ఇదే. అమ్మపెట్టదు అడుక్కుతిననివ్వడు అంటే ఇదే.,1
Avasaram a vadiki,0
kl rahul is the biggest fraud in indian cricket,0
చెయ్యి వదులు రా ఫస్ట్,0
Srikanth reddy కచ్చితంగా తప్పు. ఆ తప్పు చగురించి కళ్యాణి గారు చెప్పడం ఇంకా తప్పు,0
sara ali khan tana moddalo acting dandham ra babu,0
మీ లాంటి కార్పొరేట్ సినిమా వాళ్ళుకి ఇలాంటి భగవత్గీత లాంటివి అనవసరం,0
 రైతు బంధు కావాలి కానీ 5 ఎకరాల లోపు ఉన్నోళ్లకి ఇవ్వాలి ,1
Hope that there is no ending in madhu character.. waiting for next episode in telugu with madhu again.. ... మధు పోకూడదమ్మారేయ్,1
 Good bro mari 400000 kotla appu chesina telangana gurinchi ndhuk matladav ,1
మీరు చెప్పింది నిజం తాను అలానే అనుకొని ఉంటాడు బాల్ నాకు ఇస్తే నేను కోటేవడిని అని అనుకున్నాడు.కింగ్ అన్ని రుల్స్ మొత్తం తెలుసు అక్కడ,1
నువ్వు విప్పి దూకు వాడు వచ్చాక చూపియ్,0
వాడు చదవలేదు అని అర్థం అవుతుంది,1
hmtv ki koncham ina siggu unte..Title sakkaga petandhi first ..chepindhi okati ithe mi Title inkolla undhi ,0
ఖచ్చితంగా అంతే నువ్వు రాజశేఖర్ రెడ్డి కలసి రామోజీ నీ ఆర్థికంగా దెబ్బతీసే ప్లాన్ వేశారు,0
modi oka mordern day hitler,0
గుద్ధుర గట్టిగ...,0
మీ anckaring సూపర్,1
Meru eppudu Telugu lone matlada Tharu ,1
Xlent .....meeku meere saati.....very ,1
Veedu veeni peekudu matalu vinni intarvu moddagallu,0
 Arey Nuvu poyyi KCR gandhi Naku ra. Manchiga matladithey memu kuda manchiga matladtham. ,0
"నీ ప్రాస, రివ్యూ సూపర్ బయ్యాHatss off to kannada film industry next level movie keep it up ",1
rashmika..ante....asalu chiraku naaku.,0
ఎక్కడ మొదలయ్యారు.. ఎక్కడికి వెళ్లి కూర్చున్నారు..,1
ఆంధ్రకు పవన్ సార్ కన్నడకి పునీత్ సార్,1
అరేయ్! అది మాకెందుకు చూపిస్తున్నవ్ రా ?,0
Rajasekhar Reddy garu Kadapa Lo 500 Acres thesukoni assembly Lo gola zarigina tharuvatha assined Lands return echharugada appudu dhonga thanam chesi return evvata correct gadugada dheniki mereemantaru,0
ఇది నిజం భయ్యా మనం ఏ పని చేసినా ఇలానే ఓడిపోతుంటాం..,1
true naa jevithamlo jarigindi,1
Ladies over action chesthunnaru,0
"నచ్చావురా, నిజాన్ని నిర్భయంగా, బాహాటంగా చెప్పగలిగిన నీ వ్యక్తిత్వానికి",1
First puri gariki pattina shane nuvu raku thali rest thisko hayiga,0
"బయ్య,,,Camera man కొంచెం సైడ్ nundi జూమ్ చెయ్ ఒకసారి ,,,,,camere man ki oka ఓ వేసుకొండి",1
మంచి జోడి ఉన్న ఎద్దులు,0
kcr  ktr chanchi povali anni black magic chesthunna jai bjp,0
తులసి మొక్క సార్ పవన్ కళ్యాణ్ గారు,1
"బొక్కలో bekar movie, దొబ్బింది",0
"Love U Mohan Sir, మన బతేనయ్యకోన సాక్షిగా మీరు కాక ఇంక ఎవరు సినీ కళామ తల్లీ కి నిజమైన నీరాజనం పట్టే కళామ తల్లి ముద్దుబిడ్డ మీరే",1
Dabba rayulu,0
"
విజయ్ దేవరకొండ గురించి చెప్పింది చాలా పర్ఫెక్ట్ గా చెప్పారు మేడమ్.",1
kallu kakulu dengiyaa naa lanja kodaka,0
Nidra pothunna gaadida nu lepi thanninchukovadam ante ide. Dayachesi vadiki public lo mike ivvakandi.,0
హర మహాదేవ శంభో శంకర భోళా శంకర నమో నమః ఓం నమః శివాయ,1
Chepina sode 10times chepave,0
Inka aapuuuuuu ,0
Love story muddulu kadu sannivesam site ranam lo scenes lo love chala baga chupicharu movie,1
pavitra baga denguchiko naresh tho,0
Appara babu ni kulagaji,0
ఆడియో ఫంక్షన్ సూపర్ కామెడీ సూపర్ సూపర్ సూపర్,1
Baga chepevu talli ne matallo nayam unnadhi,1
మోడీ గారి బినామీ అయిన అదానీ ఆస్తి ఎంత ఉందో అది చెప్పు ముందు..!!,1
"ఆడవాళ్ళు మగవాళ్ళు గా , మగవాళ్ళు ఆడవాళ్ళు గా",0
సూపర్ రా చిన్న,1
నీ అందానికి అంతా మాట అవుసరం మా బ్యూటిఫుల్ లేడీ,1
నా జీవితంలో ఇంత మంచి మనిషిని చూడలేదు ,1
Kutta chinchi para dengutaam,0
టెక్నికల్ ప్రాబ్లo అని సింపుల్ గా తేల్చాసారు .,1
Dil raju Cheedapurugu Tollywood ki. Tollywood Karan Johar ee Dil Raju.Ravi teja Krack movie ni kuda elane Tokkesadu,0
Bro mee ANCHOING chala chal chala decent gaa untundhi,1
"అన్నా నువ్వు పెద్దగా మీ తాతలా ఎదగాలి అంటే నువ్వు పక్కా జెనసేనలో చేరు అవ్వు అన్నా ప్లీజ్ నాకు తెలిసి నువ్వు రాయలసీమ నుండి పెద్ద నాయకుడు అవుతావ్ ,,కానీ జగన్ నిన్ను ఒక చదరంగం లో సిపాయి లా",1
nag sir said about natraj master is absolutely correct ఆడియన్స్ మాస్టర్ గురించి ఏమనుకుంటున్నారో అదే చెప్పారు... super nag sir,1
Sadhuvu rakapothey kanisam mimic cheskuni edho oka railway station lo work cheyyochu ,0
ఏంది అమ్మడు గొంతు వణుకుతుంది ముసల్దానికి మల్లే అంతే తగ్గేది లేదు జగన్మోహన్ రెడ్డి జైల్లో వేస్తాడు,0
"Permit room lu enduku pettirru 
Thaginanka oka beer tho aguthara",0
Na ayya somma aa paisalu. Ma daggara ni dengesina babbulu avi  emanna kontav,0
Re endukura overacting thengutunnav,0
స్వభుద్ది దూ రంగా పెట్టీ  పరులమాటలకు లొంగీ విలువిస్తాడు కాన సాధకుడు గ నిలిచి అన్నివిధాల రిచ్ ముమ్మాటికి కానే కాలేడు,1
Pavan Kalyan antey oka power oka dairyam,1
desanaki oka nehru oka vallabahi patel vundali kani manaki oka shah inka modi lanti vallu dorikaru,0
నువ్వు మహా పతివ్రత వి. అందుకే అన్న గారి కుటుంబాన్ని ఇంతల వీధి లో పెట్టావు. Same నీ లాగే ఆ ఇంటికి వచ్చిన ఇల్లాలు హరికృష్ణ రెండో భార్య shalini ఈ రోజుకి కూడా NTR ఫ్యామిలీ గురించి ఒక్క ఇంటర్వ్యూ కూడా ఇవ్వ లేదు ఆ మహా ఇల్లాలు Jr.NTR తల్లి గారు. ఆవిడ చేతులు ఎత్తి నమస్కారం చేసే అర్హత గల ఆవిడ,0
Vorini vidu anthem inhem movies lo ki vellipoyadu,1
 హత్యకు ప్లాన్ చేశారా.... ఒక మంత్రికి ఎంత సెక్యూరిటీ ఉంటుందో తెలుసా... అంత మంది సెక్యూరిటీ ని తప్పించుకొని సామాన్యులు మంత్రిని హత్య చేసేంత ఉంటుందా.....మంత్రిని కాపాడలేకపోతే ఆ సెక్యూరిటీ లకు ప్రజల సొమ్ముతో జీతాలు ఎందుకు ఇస్తున్నట్టు... ,1
motthaniki tdp vari sabhalu yamapuriki dwaralu,0
E phone Baya inta clarity vachindi video adi theatre lo,1
దీన్ని ఏమైనా అంటే ఏడిచిద్ది,0
ఎంత మంది కళ్ళల్లో నీళ్ళు తిరిగాయి,1
Orey miru chese అభివృద్ధి ఏమైనా ఉన్నాయా ......భూతులు తిట్టడం తప్ప,0
Nijamga ala ante principal urukuntadantava bhayya,1
Neeku KCR and KTR gaadu bichamesthundara,0
Migataa pannendu gantalu bathrooms clean cheskuntavara dyper aadhi,0
RGV గారు ......ఈసారి మూర్తి గారి character పెట్టండి మీ సినిమా లో.....,1
చాల్లే కళ్ళు తుడుచుకో ఎద్దు లా ఉన్నావ్. ఏడిస్తే దరిద్రం గా ఉంది,0
Valla husband koda intha la thalchukodura nayana,1
sri chaitanya jl peddha jaffa galu modda galaku emi radhu malla buildup,0
"శభాష్, కొడాలి నాని కి బాగా గడ్డి పెట్టావు.",0
దీనమ్మ జీవితం జాబ్ లు వొదిలేసి నీతో వొచ్చి పోరాటాలు చేయాలి అన్పిస్తుంది అన్నా,1
Anna e video 100 sarla chusina thandri  kodukulo madhya unna prema super  ma dhisti Thaguluthundhi emo bhaya amithundhi,1
"Fuchur world cup ni drusti lo pettukoni  BCCI Rohit ni ceptain ga select chesindi, kohli lo goppa captain kani okka sari kuda ICC cup gelavalekapovadam valla  Rohit ki chance echindi....",1
మరి నువ్వు కాంగ్రెస్ నుండి వచ్చి ycp అని పెట్టుకున్నావుగా,0
Kothaga ee dharidram.  Inka vellu start chesaru,0
NUV MIA KHALIFA NA SARAYU pedda figure needhi,0
"నీ దిక్కుమాలిన ప్రెస్ మీట్, నీ కున్న ఫ్రస్టేషన్ క్లియర్ గా కనిపిస్తున్నది",0
bhanu full overaction Nike antha set kadhuu leee,0
Hero lu remuneration taggisthe dil raju rates penchi collections motham mingesthadanta….funny fellow,0
మా నాన్నగారి సైట్ నాకు వచ్చింది అందుకని నాకు ఏమి కనిపించదు అన్నయ్య,1
"Intha pichi ekkada chudaledu,",0
మా తెలంగాణ కేటీఆర్ దాంట్లో సగం టాలెంట్ లేదురా,0
trs kadhu brs rey paayi cheyi munugode polls lo,0
వాడికి ఎంత కుల పిచ్చి అంటే jr ntr ni దేశమంతా ప్రచారానికి బీజేపీ ఉపయోగిస్తుంది ఆట.,0
music apara lanja kodaka,0
వంగవీటి మోహనరంగా స్టైల్ కదా,1
ఈ వీడియో చూస్తుంటే నాకు కన్నీళ్ళు ఆగటంలేదు అసలు మాటలే రావటంలేదు...    హర్ష బ్రదర్ నీ దేవుడు ఇంకా ఇంకా దీవించును గాక..,1
"సినిమా సంగతి ఏమో గాని మీ విశ్లేషణ మాత్రం అద్భుతం అండి, సినిమా ఇప్పటికి వరకు నేను చూడలేదు, మీ యెక్క వివరణ చుసిన తరువాత సినిమా చూడాలి అనిపిస్తుంది ",1
"English nerpistunatu ledu , English ni mimicry cheyadam nerpistunatu undhi",0
Pinky ki entha kopam vachi vuntundhoo papam,1
మైండ్ లో నుంచి పోవట్లేదు.. గట్టిగా చెప్పాలంటే ఆ అమ్మాయి కి take a  bow .take my respect to the entire radheyshyam team ,1
"Asalu Munnavar ki Hyderabad lo show ki ela permission istharu, Government desperately need violence in state to gain political mileage",1
E tv 9 ki burra poyandhi,0
మీలాంటి అర్థవంతమైన పాటలు ఎవరు కూడా రాయలేరు సార్..మీ యు సార్... ఓం శాంతి....,1
Chaduvukuntunna pillalni cheda dengey la unnadu vedu bsdk,0
Entha mandhi bjp lo join aina kuda bjp TS govt form cheyyaledhu..,0
చిన్న  అవుట్ సోర్సింగ్ ఉద్యోగులం మమ్మల్ని బాధపెడుతున్నావు ..త్వరలో మీ నాన్న దగ్గరికి వెళ్తావు రా,0
Bimbisara lo unna Anni songs chaala bagunnay,1
Ammayila paruvu theesindhi,0
బింబిసర కళ్యాణ్ రామ్ గారి క్యారియర్ లో భారీ విజయం సాధించడం చాలా ఆనందంగా ఉంది.,1
ఎన్ని సార్లు చూసినా ఇంకా చూడాలనిపిస్తుంది మీ డాన్స్,1
lanja nupur sharma valla desham sankanakipoyindhi,0
Prophet marry 6 year old aisha.,0
దీపిక నువ్వు మంచి డాన్స్ ర్ వి నీ డాన్స్ అంటే నాకూ చాల ఇష్టం,1
"విదేశాల్లో నయం మన దేశం గురించి మన ధర్మం,జాతీయత గురించి చాలా గొప్పగా చెప్పుకుంటారు ,కానీ మన దేశంలోఎంటో ఇలాంటి నీచుల
ద్వారా దరిద్రంగా తయారవుతుంది....DSP నీకు సంస్కృతి సంప్రదాయాల గురించి తెలియదు,, ముందు వాటి గురించి తెలుసుకొని మాట్లాడు చెత్త నాయాలా....",0
ఫోటో కోసం పక్కకి వెళ్తే లాగి కొట్టె హీరో లు mla లు ఉన్నారు అలాంటి వాళ్ళు మా దేవుడు ని చుడండి ఒకసారి ,1
Meeru nijamga made for each other  Asalu mi vlogs vammo navvi navvi na kallalo nunchi water ochesindhi  hope you will do more and more videos ,1
delete cheii raa koja,0
Delhi valane namithe ongi ongi dandalu patala ante banisalu chaskuntaru,0
arey tv9 nuv పెట్టిన పోల్ కి ఏమైనా సంబంధం ఉందా రా,0
​bharath matha ki jai,1
Ore teenmar mallanna pedda thopula feel kaku,0
Mammalni inspire avvamantunnaav. Mari nuvvenduku inspire avvalekapoyaav. Antha goppa vyakthini intlo pettukuni nuvvem peekaav aayana Peru use chesukuni chillara poguchesukovadm thappaa.,0
మా రాష్ట్రానికి మేము అడిగినప్పుడు మీరు వె౦ట వె౦టనే అప్పులు ఇవ్వడం మాత్ర౦ మరచిపోక౦డి !!!,1
హీరో మెటీరియల్ జానీ అన్న నువ్వు..,1
ఈ అరాచకాలు ఆపగలిగే దృక్పథం ఉన్న నాయకుడు. కేవలం పవన్ కళ్యాణ్ గారు మాత్రమే.,1
Vedu maradu,0
Satti erripuk irritating,0
Very Nice.. BJP ni tarimi dengandhi telangan nundi,0
Net balance lekunda google ala cheyali ra lukka,0
నీకు దాన్ని చూసి ఎలాగ చెయ్యాలని అనిపిస్తుంది. చాలా కరువులో ఉన్నటు వున్నావు.,0
Edo audio function ki vacha kadha extralu chaste kaya kosta,0
నేను చేస్తాను రా నీకు డిన్నర్,1
 Valla kosam ne Life risk chesukoku ,1
baga edit chesaru bayya,1
Fake luchha news ra jaffa,0
పవన్ కళ్యాన్ గారు చిరంజీవి గారు పెర్సనల్ లైఫ్ కూడా గ్రేట్ నాగబాబు ని సేవ్ చేసారు స్వార్థం కొంత విడనాడి,1
Dhanraj -- idi Edo Theda ga undi ee ,0
ఏ సినిమా లో పాట... చాలా బాగుంది,1
Peekinav teei,0
దుమ్ము దులిపేసారు చేకొడి గాడికి,0
Naku boothulu vasthunnay chiranjeevi anthati vyakthine vere vallaa laga imitate cheyyamantunav n,0
"Nice ga side ayaru, mi ru jagon kiladilu",0
direct Red light area nunchi vaccharu anukunta....thu thu,0
Nv sakkaga matladutunava KTR. TRS lo unnavallu evadu sakkaga matladuthunduuu,0
Sollu nayala,0
Elders ki respect lekunda matladina vaadu Oka hero...,0
Bahubali hero Rana Ani maku thelusu sir,1
Prathi lucha gaadu na istam ani cheppi opinion cheppatame.,0
Yrs పార్టీ కుక్కమూతి పీంది కెసిఆర్ గారు ముందు భాష మార్చుకోండి,1
Gattiga plan chesav gopichand mama,1
ఎవరు అంత సిగ్గులేని యస్.పి....ఐ.పి.యస్ అనే ఉన్నతమైన దానికీ సిగ్గుచేటు,0
Vote vesetappudu jagratthaga alochinchi nijayathi parulaki vote veyyali lekapothe ilaage untundhi,1
Nikhil annaki ye saport lekunda mass hit kottaadu movie maathram super,1
Rajagopal neeku ethics levu,0
Ledhu daddy meere important ani Cinema loki vachestha,1
"నాగవల్లి గారి మాట తీరు,ప్రవర్తన,సరిగ్గా లేకపోవడం వల్లనే హీరో విశ్వక్ అలా రీయక్ట్ అవ్వాల్సి వచ్చింది..",1
sorry bro maku antha adrustam ledu,1
bjp kuda terrosit ey vadu lanja panulu evvaru cheyale,0
"Asalu aa mukham yendhayyaa, kaneesam manishi laa koodaa ledhu.....Nag, Mahesh, Akhil tharuvaatha antha andhagaadini anukunnaadaa yendhi saamy.",0
మామ..ఎప్పుడూ gun రెఢీ గా ఉంచుతాడు..,1
ysrcp emo jagan drainage lo kalisi poyindhi jagan vadu vadi drainge face,0
నువ్వు మా చెల్లివైతే ఇంకా సంతోషించేవాడిని,1
Bjp central lo vachi yemi chesinru chepu,0
Thu vedu mokam tagaletta,0
Overaction tho jaanani confuse chestunnaru ...picchi na k***,0
ne notlo na modda delete cheeyi ra gandu,0
Trs vallu esthalera dabbulu ra sale,1
velli allurjun madda guudu,0
ప్రసాద్ అన్న... నీ పంచి టైమింగ్ సూపర్ అన్న....,1
పేదవాడి కష్టాలు తీరాలి అంటే పేదవాడిలాగే   జోడయాత్ర సాగాలి,1
భరతమాత ముద్దుబిడ్డ అంటే మీరే సార్ ఇలాంటి వారికి శతకోటి వందనాలు.,1
Dil raju mari ekkuva chestunnadu... no one can name like pspk...,0
ప్రేమకు గ్యారంటీ లెదు కాద టీచర్,1
ఎన్టీఆర్ రియల్ లైఫ్ గా కూడా చాలా తెలివైనవాడు మంచి వాక్  చాతుర్యం ఉంది పొలిటికల్ లో కూడా సత్తా చాటే దమ్ము ఎన్టీఆర్ కి ఉంది,1
Pawan Kalyan gaari range ki thaga heroes leru,1
OM SRI PAARVATIPATAYEE HARA HARA MAHADEVA SHAMBHO SHANKARA OM NAMAHA SHIVAYA,1
TELUGU DESAM PARTY ONLY GOOD ADMINISTRATION IN THE WORLD,1
బెడ్రూమ్ లో ఇద్దరు ఏందోఉంది ,0
తెలివిగలవాళ్లని అనుకుంటాంగానీ కాదు అదృష్టం ఏమూలో ఏడుస్తుంది ఇట్లాంటి వాళ్ళకి. జనాలతో తిట్టించుకుంటే కాని నిద్ర పట్టదు ,0
Kinda paddakuda meeku emkaledu ,1
ముందు ఆడదానికి సిగ్గు ఉంటే చెంప పగలగొట్టాలి ,0
bandala anna majaka asla maatalu ha comedy salute,1
ee movie theatre lo chudakapote tarwata mere feel avutaru.. Excellent movie,1
పాప నడుము సన్నగా బాగుంటుంది ,1
Naku cheyadam chaala istam ...avarikaina ,0
Enthaina paatha cinemaalu paatha cinemaale,1
konchem odd ga behave cheyadam kadandi.. .pitchandi edi..,0
ఒక సామాన్య వక్తి ఇలాంటి స్థాయికి రావడం చాలా గర్వకరణంగాగాఉంది .అది ఈరోజు చూడడం  చాలా హ్యాపీగా ఉంది .,1
Kindha Midha upu ma Prabhas anna thopu,1
Great sir me behavior ku na police vallu andharu me laga unte friendly policing,1
"Miru miru okkatey, madyalo fans ey suffer avuthaaru",0
కొడుకులకు దిమ్మ తిరిగి బొమ్మ కనపడ్డది. సూపర్ అన్న,1
దే చైతన్యం అంటే. తిరగబడం అంటే ఇదే. అమ్మపెట్టదు అడుక్కుతిననివ్వడు అంటే ఇదే.,1
jp  nadda ki gudda pagili povali bjp vasthe telangana devolop avadhu,0
nen pedda payalu vunna ammailinu dengi bore kotudhundhi #iamcomingforskinnygirls,0
"వీడు కాలేజీ  రన్ చేస్తున్నాడు అంటే ఎలా నమ్మాలి,వీడే గిట్లుంటే వీని కాలేజీ,లెక్చరర్స్,పిల్లలు అయ్యో దేవుడా",1
దిలీప్ చందర్ సార్ గారు మిరు ప్రతివిషయాన్ని వక్రీకరించి చెప్తున్నారు మీరు చెప్తున్నా మాటల్లో కొన్ని అబద్దాలు కొట్టొచ్చినట్టు కనపడుతున్నాయి,0
అన్న ఓల్డ్ సిటీ అభివృద్ధి చెందలంటే నీ లాంటి నాయకుడు ఉండాలి.లేదంటే వాల కర్మ,1
ఈ పాటని రోజుకి ఒక్కసారైనా వింటున్న వారు లైక్ చేయండి…,1
ఇలాంటి వాడికి ఫ్యాన్స్ హ బుద్ధి లేని వ్యధవలు ఉంటారు వాళ్ళు,0
SheM gari manasu doche untadu goratla madhavudu; promotion confirm deputy SheM poste,0
ఎవడ్రా ఎవడ్రా వీడు పేకాట క్లబ్బులు నడిపించేవాడు,0
"Super ga vundhi drama commen people ni sir ani kuda antara o my god, this is team work guys.",1
Eka sodi cheppadam maymu venadam..  aripapalam,0
cinema industry ka king kalyan Annaya ,1
ఇప్పుడూ ఉన్నా యువతా అందరూ చదువుకున్నా వారు అధికార పార్టీ లను తిట్టటం కన్నా మనం అధికారం లోకి వస్తే ఎం చేస్తాం ఎలా చెస్తామ్ చెబితె యువతా ఆలొచిస్తారు,0
 కోడెల శివప్రసాద్ అందుకే రా నువ్వు తొందరగా తెచ్చావ్,0
ఎందుకు ఈ కలికాలంలో ఇలా తయారయ్యారు ఈ పార్టీలో వాళ్లు మంచి జరుగుతుంటే చూడలేకపోతున్నారా ఏంట్రా ఇది ఒరేయ్ పవన్ నువ్వు సర్వనాశనం నిన్ను ప్రోత్సహిస్తున్న చంద్రబాబు నాయుడు అనే వాడు ఆల్రెడీ బుల్లి తో చేస్తున్నాడు రోజుకు రోజు,1
NTR ni cm ga chudali.tatayya paruvukosam,1
Tokka jokes,0
"మూర్తి గారు మీకు ఉన్నబాధ అందరికీ అర్థమయ్యేతే బాగుండును,",1
తెలుగుదేశం పార్టీ ఇంకా బ్రతికి ఉందీ అంటే అది కేవలం చంద్రబాబు నాయుడు గారి వలనే.,1
సంతోష్ శోభన్ మంచి యాక్టర్.... కళ అనేది ఒక ప్రాంతానికి పరిమితం కాదు..విశ్వవ్యాప్తమైంది,1
సిగ్గు లేకుండా పోయింది రా,0
మరి సైనికుడి ఓపిక,1
ఇక నేను నువ్వు ఇంటర్వ్యూ చేసినా చూడను,0
మన తెలంగాణలో రాజకీయ నాయకుల జీవితాలు తప్ప ఎవరి జీవితాలు బాగుపడలే.,1
రాయలసీమ సింహం బాలయ్య బాబు ,1
కట్టర్ హిందూ kcr,1
Chala manchi Pani chesaru,1
ఇలాంటి మాటలతో ఇంకా ఎన్ని రోజులు ప్రజలను మోసం చేస్తారు....?? దళిత ముఖ్యమంత్రి ని చేస్తా అని 8years అవుతుంది...ఇంకా ఎప్పుడు చేస్తారు????,0
బాలయ్య బాబు.. Super ,1
అబ్బా బ్యూటిఫుల్ కపుల్స్ చూడడానికి ఎంత సంతోషంగా ఉందో అందరూ ఇలా సంతోషంగా ఉండాలని కోరుకుంటున్నాను,1
Venuka nundi baga pettinchukuntundi,0
Karthikeya 2 movie is block buster and story oriented . Karthikeya 2 movie ki screens ivvakapote next nunchi Dilraju movies Anni boycott cheyyali.,0
నితిన్ . కృష్ణ స్టెప్పులు వేస్తున్నాడు కదా,1
ఇలాంటి అన్ని చూపించేస్తే సినిమా చూస్తున్నాం అనే ఫీలింగ్ ఉండదు.,1
Rastam bagunddali ante pawankalyan cm khavali rastam bagupaduthundhi,1
Yevari daggara Sunil lanti friends unnaru,1
ఆవిడ మంత్రి అయ్యాక పిచ్చి ముదిరి ఎక్స్ట్రా జబర్దస్త్ అరుపులు అరుస్తుంది. పట్టించుకోవద్దు.,0
Suma Akka u r super ni pakkana adu enduku chandalam ga,0
చాలా సంతోషం  తప్పుని తెలుసుకొని  స్వచ్ఛమైన మనసు తో మాట్లాడుతున్నారు... మంచి  మార్పు.,1
మీరు సూపర్ సార్.... బూతులు మాట్లాడటం కొరకు mla / minister పదవి చేస్తున్నారు..... బూతుల రాయుడు,0
పవన్ కళ్యాణ్ పేరు లేకుండా నిద్ర పోరు కొందరు ఆ పేరు అలాంటిది కొందరికి అది అంతే ,1
 తెలంగాణ గౌరవాన్ని గుజరాతీ తాడిపార్ పడాల  ముందు ఉంచిన నత్తి గంజయ్..!! ,1
Fake లు ఎందుకు చూడటం..Original చూపిస్తాను అంటునాడు పోయి దర్శనం చేసుకొని పాప విముక్తి పొందండి,0
"Telugu prajalu badhalu tirchedi one and only mahesh babu garu, thankyou for your guts,.",1
Evaru erripapalu avutaru 2024 lo choodam lee,0
చెత్త వీడియో .....ఇవాళ రేపు కన్న తండ్రిని మరీ అంత దారుణంగా ఎవరూ చూడరు,0
Raju sir meeru Indian Army sir meeru.,1
మోహన్ బాబు కి జగన్మోహన్ రెడ్డి పెట్టేస్తాడు ఏమైనా చెప్తే,1
Rana garu miru chala simply Star,1
శ్రీదేవి గారి మీద గౌరవం మరింత పెరిగింది..,1
Yarri puvvu aeeyadu ga nani… nani anna yaeee,0
మోదీ ఒక ప్రళయం ఆయనను టచ్ చేస్తే ఇక అంతే పాకిస్థాన్ కి ఇప్పుడు బుద్ధి వచ్చినట్టుంది..జైమోదీ,1
Pedda sollugaadu,0
munawar moosi nadhi ayina nooru valla enni  godavalu #deport munwar to afghan or syria,0
"Super sathi garu,mee action superb..chala enjoy chesthunnamu.",1
Movie superb ... Malli malli chudalanipstundhiiii super super super,1
కష్ట పడి కింద నుంచి వచ్చిన వారు చిరంజీవి అయన ప్రతి ఒక్కరికి రెస్పెక్ట్ ఇస్తారు,1
కామెడీ కింగ్ బ్రహ్మీ గారు,1
తొడలు చాలా ఆకర్షణీయంగా కనబడుతున్నాయి,0
modi ki cheppu neku oka yogi ante chaalu nee vuncha kuda tagutaru,0
"Konchum Theda kadu chala Theda........... After 2024 elections, 25 paise direct flight to Moscow, Russia to become President of Russia..... Package  changed from Rs 250 cr to Rs 1000 cr.......",0
"ఎనకటి రెడ్డి కూడా టీవీ స్టూడియోలో కూర్చోవడం, తెలుగు వాళ్ళ దుర్భాగ్యం",1
KCR పుచ్చకాయ జ్యూస్ తాగు....,1
munna bhaiya mi abbimanini inkada. ni kosam pranam istha,1
Akka niku ekkuva inda endi...mata sariga ratle,0
"ఏమయింది మన బాలయ్యకి.... చీల్చి చెండాడుతున్నడు..అది పాట అయినా,ఫైట్ అయినా...జై బాలయ్య...",1
Family mottam beautiful GA vunaaru,1
Vidu vidi Kullu jokulu thuuuu,0
jagan gadu pedda yedava waste gadu ysr parvu dengathaduu,0
అన్న ఆ తాతకి మంచి నటుడు మన జూనియర్ ఎన్టీఆర్ లోనే కనిపించినాడు మన జేజినానికి తగ్గ మనవడివి నువ్వేనా,1
Chi chi ye graham nundi ocharra babu vellu...  Veellani adavallu ani kooda antara,0
"ఇప్పుడు వాళ్ల ను విమర్శిండానికి  ఈ ప్రెస్ మీట్. ఇంకా ఏం లేదా. వాళ్ల కు బయ పడి ఈ ప్రెస్ మీట్. మోడీ వచ్చి ఎన్ని రోజులకు 
మోడీ పైన విమర్శలు. నువ్వు ఎన్ని చెప్పిన వినే రోజులు పోయాయి.",0
malla oka donga veda vadu lanja eshalu fees tagincharu gani desham ni uddharistharu,0
niku champi  pindam peteydhi neny ra kcr,0
దున్న దున్న మామిడి,0
సూపర్ బంగారం అమ్మా,1
"వదల బొమ్మలి వదల ,(జై రేవంత్ రెడ్డి)",1
Atla vuntadi mala manathoni mamula undadhu,1
Virat Kohli thopu dammunte Appu .....king always kingeeeee,1
Daya chesi okka chance evvadi pawan kalyan gaariki am from banglore,1
Correct ga cheppav anna ee vedhavalaki intha alochana ledu em chestham,0
"బిగ్ బాస్ షో నుండి మరీ ఎర్లీగా వెళ్ళటం కొంచెం నిరుత్సాహం కలిగించింది.
ఎలిమినేషన్ కి స్మోకింగ్ ముఖ్య కారణం అనిపించింది.",1
చాలా చక్కగా బుద్ధి చెప్పారు అక్కలు,1
కేతిరెడ్డి గారు మీరు తిరగడం తప్ప ప్రభుత్వం నుండి నిధులు ఏమైనా తెస్తున్నారా.,0
enko sari horn kodite gudda lo pedutha na kodaka,0
Eddari avataralu bale unnai ra baffun la,0
"ఆశ్చర్యం ఏంటంటే చాలామంది ట్రాక్ క్రాస్ చేసి వచ్చేసారు...బహుశా ఇప్పటికయినా అక్కడొక గేట్ ఉండాలని,దాన్ని అక్కడి వారందరూ పాటించాలని కోరుకుందాం...",1
I love you rakul dhairam ga undu,1
అడగాలే కానీ ఏదైనా ఇచ్చే అన్నయ్య అవుతా.... లైన్ ఎంతమందికి ఇష్టం,1
ఏర్రిపప్పా అవ్వడం కోసమే పుట్టిందే tv 9,0
E lavadalo jokulu . Kampu chesaru kada ra youth ni .,0
"చాలా కష్టపడ్డారు అన్నయ్య, అందుకే అంత మంచి హోదాలో ఉన్నారు",1
Nuvvu chesunte flop ayyedemonani naa doubt,0
 Dinikanna sigguchetu inkoti oundadhu  mery ma cm anni telangana pattina peedha,0
Ktr nuvu ni party lo Valasalu avuthai jagatha mundhu mundhu nuvu ni thandri mathatrame Migultharu Nunu chepindhi jaragakapothe voche election lo nike na votu,0
Edo nijam ga vachunattu enduku over action bengutaru,0
మీరందరూ Ap ని సంకనాకించారు,0
ఏంటి మేడం ఇది మీరు అంటే ఎంత గౌరవం ఇష్టం ఇలాంటి వాళ్ళతో మీరు ఇంటర్వ్యూ తలనొప్పి మేడం వాడు,0
After long tym kadupubba navvanu..tnx paithyamaawa,1
chandra babu oka donga na koduku ap ni naisham chesthadhu ,0
నిన్ను పిలిచి మరి పవిత్రమైన పదవి ఒకటి ఇస్తే ... వెనుక నుండి పట్టుకుంటా .. నువ్వు ఒంగో నేను పైకి ఎక్కుతా అని నచ్చినట్టు వాగితే ఎవడు ఊరుకుంటాడు రా .. ..,0
కలం పట్టిన ప్రతీ వాడు శ్రీ శ్రీ కాలేడు హీరో అయిన ప్రతీ వాడు Power Star కాలేడు ,1
Waste fellow in tollywood,0
థాంక్స్ ఇన్ని రోజులు వెయిట్ చేసినందుకు ఫుల్ సాంగ్ అప్లోడ్ చేశారు ధన్యవాదాలు** బింబిసార**,1
kapu ante  Balupu kaaadu..Reddy Chowdary veellaki unnantha Balupu kapu ki undadu,0
ఈ మొహం చూస్తే నక్ చాలా ఛిరక్ గా అనిపిస్తుంది,0
ప్రెసెంట్ మా ఎలక్షన్ లో ఎలా మాట్లాడారో అన్నయ్య చిరంజీవి same to same 15 years బాక్ అలానే మాట్లడిండూ... కల్మషం లేని మనిషి ...,1
నాని అన్న నువ్వు పొరపటున గాని NTR అన్న ని ఏమైన అన్నవో నీ life ఖాతం జాగ్రత,0
2024 election lo odipothe orey kodali kodini kosinatla kostaru gurtu pettuko,0
పరమానందయ శిష్యులు,1
Getup srini anna superb...miru ravadam chala santhosham,1
చెప్పడం ఒకే అలాగే చేసి చూపిస్తే బాగుంటది  శ్రీ రెడ్డి,1
meri nv Appu tiskoku central government nunchi inka cooperation loan tiskoni 5lakhs crores aapu lo undi telangana state.. please stop free free schemes..,1
అడిగే వెదవల్లార అనీల్ అంబానీ తండ్రి బీచ్చిలో వడపావ్ అమ్ముకున్నడు అది తెలుసామీకు,0
నువ్వు నీ ఓవర్ యాక్షన్ .... మూవీస్ లో ఛాన్స్ కోసం చూస్తున్నట్టున్నావ్ .,0
"దేనిని కందించి దేశం మొత్తమ్ అత్యవసర విధిచాలి, ఒక గొప్ప వార్త ప్రసారం చేసిన టీవీ10 కి గోల్డెన్ గ్లోబ్ అవార్డు ఇవ్వాలి",1
మోడీ గారి పాలనలో భారత్ శక్తివంతమైన దేశంగా అవతరించింది..,1
Valla dhagara bochu vunttundi,0
Meeru ala antunte Goosebumps vastunay sir,1
విజయ్ ఇంత లాజికల్ ఆన్సర్స్ ఇస్తాడని అస్సలు expect చేయలే........గ్రేట్,1
Arey shankar lanti lucha galani namadhu vadu trs kukka,0
కళ్లుమొక్కి పదములు తెచ్చుకోవాల వీలు మంత్రులు,0
ఎదో కామెంట్స్ పెట్టొద్దు అన్న ఎదవ ముండ ఇప్పుడెలాగా పోయేటి వాడుతున్నావ్,0
Ni over action chalu ra babu,0
ఈ పాట ఎంత మందికి ఇష్టం...ఎన్ని సార్లు విన్నా మళ్లీ మళ్లీ వినాలనిపిస్తుంది ,1
యాక్టర్ మీద ఉన్న గౌరవం,1
Keka pettinchi denginav,0
Specs teyi ra yedava,0
మాస్టర్ గారు ఇది ఇంటర్వ్యూ లా లేదు ఇంటరాగేషన్ లా ఉంది సూపర్ ,1
ఈడు కామెడీ కి తక్కువ ... అడ్డగోలు వాగుడుకి ఎక్కువ... బేవకూఫ్ ఎడవ,0
"జాతి రత్నాలు మూవీ చూసి ఎంత నవ్వుకున్నానో,, ఈ cash program చూసి అంతకంటే ఎక్కువ నవ్వుకున్నాను",1
Bandla Ganesh thopu dammunte evadina apu,1
"
అన్నయ్య ప్రింటింగ్ మిషన్ ద్వారా 6093 కోట్ల రూపాయలు వన్ డే ప్రింటింగ్",1
Naa daggara ki raa chirigipoye dhaka chestha,0
Ye mobile lo thesav bro clarity bagundhi,1
అనిల్ రావపూడి గారు చాలా బాగా చేశారు,1
దిమ్మ దిరిగింది సినిమా చూసి..! సూపర్ అంటే సూపర్ 2022 లో best మూవీ,1
"గురువు గారి అవేదనలో అర్థం ఉంది
మీకు నేను మనస్పూర్తిగా పాదాభివందనం చేస్తున్న",1
"నైంటీ ఏసుకుని పందం దా,, మనకెందుకు యివ్వన్ని",1
Heroine kante ekkuva feel avutundi ga pilli mokham de antha scene a ledu ani teliyadu daaniki,0
ఈడో పిచ్చి తుగ్లక్ ఏది పడితే అది వాగుతాడు.అన్ని పేలతాయ్ అనుకుంటాడు.కానీ ఇప్పుడు పేల లేదు,0
ఈ పాట ఎంత మందికి ఇష్టం... ,1
రేవంత్ గారు ఎపుడూ మీ రు మా మనిషె,1
"Manchi manasu, havabhavalu  ela kavalante  ala palikinche, kalamathalli  mudhuu  bidaalu druvatharalu nela  ralaru andhulo  oka mudhuu bidaa  dhasari  garu",1
ఆ డబ్బు కూడా దొబ్బాడు మా ముఖ్యమంత్రి,1
కామం తో ఏమి చేసిన ఈ కాలం లో super,1
Pitchi pk neeku neemeede nammakam ledhu you only belive NCB,0
అప్పుడు సైకో గాళ్లకు సమ్మగా ఉంది,0
arey shankar ga nvvu kcr sanka nakaku ra,0
మీరు మళ్లీ పుట్టాలి సార్ మిస్ యు సార్,1
అన్నా...ఒక్కో సచివాయంకి ఒక్కో మిషన్ ఇచ్చి పడేయ్ అన్నా....తర్వాత చూసుకుందాం…,1
Ayyo rama idhenna dance adhuku mela keerthi ya paaka mudiala. Looks weird,0
Hehe mla kuda gelavaledu kanisam gurtu kuda ledu ento pikuta antunnadu,0
జై పవర్ స్టార్ అన్నా పవన్ కళ్యాణ్ అన్న నేను నీ ఫ్యాన్ అన్నా నెక్స్ట్ నువ్వే సీఎం పక్క,1
Ashu కాళ్ళు నాకినావ్.ఈ అమ్మాయ్ నీ ఎక్కడ నాకీనావ్ స్వామి.తొడల మీదే దృష్టి ఎక్కువ ఉంది,0
devi nagavalli oka dogga munda media medha cheddha peru testhundhi,0
Mind blow.anna.ekum..baga chesaru.. acting iddaru... super anuko annnaaa,1
కొలుకొలేని దెబ్బ కొట్టాలి లేకపోతే దేశాన్ని మొత్తం మేమే పారిపాలిస్తాం అంటారు ఎలుక మీద గేలవని వారు ఏనుగు మీద గేలుస్తారాంట,1
Yevaru e mogudu vadilesina pativratha ?!! ,0
100 kgs rice bag Ni pyna chesukoni cheste super Ga vuntaadi,0
Hero లని చూసి ..herione ల ని చూసి.  మురాసిపోయే కన్నా..  బండ్ల గణేష్ సర్ interview చుస్తే... ఒక మంచి positive vibration వస్తుంది... కష్టం అనే పదానికి అర్థం నీవు సర్.... అందరూ comdieons ఉన్నారు .కానీ మీరు ..life లో king సర్.... Love u Sir.. Love you forever Sir,1
pichi pattatina malla reddy murki kaluvalo dabbulu eruthu dorikadhu,0
"Character of the episode award goes to- ""1A master"" అంతే కధమ్మా రేయ్",1
PSPK andarini Encourege chestadu....jai Janasenani,1
పులివెందుల పులి రాయలసీమ సింహం నందమూరి బల కృష్ణ,1
నేను సచ్చిపోత బాబోయ్..ఉరి ఏది..విషం ఏది..నా రైలు ఏది..నా కత్తి ఏది,0
Emana common sense unda ra lokesh niku...aa video ki ni wife name mention cheyadam....first tym anpinchindi nuv nijam ga pappu ani...m,0
బొచ్చులోగా.... అది ధనిక దేశాల్లో కుదురుతుంది. మన దేశం లాంటి జనాభా అధికంగాగల దేశం లో నీ తొక్కలో లాజిక్ పనికిరాదు.,0
Powar star okkade adhi pawan kalyan inka yavaru leru,1
 ఆ పాప సాహసం గొప్పదే.. కానీ ఆ soldier ఓపిక కూడా గొప్పదే.... ,1
Ne failures ni kuda honest ga accept chesthav andhuke nuv Great.normal human being ki adhi kudharadhu,1
ఇప్పటి వరకు వచ్చారు తిట్టారు పోయారు ఒకడన్న రాష్ట్రానికి  ఎం  చేస్తామో  చెప్పరా?,0
Deeni over ackshan ekkuva aiendi Chitra gari voice kanty emi baga lydu avidaaa chala paddathi ga untaru,0
Nuvvu pedda dramagadivi,0
దానంలో కర్ణుడికి కజిన్ లా... నటనలో కమలహాసన్ ను మించిపోయేలా,1
"RK eagerly waiting to demoralise Jagan, that is his intention",0
"Emumdi le Narayana swamy... Court karchulu, lawyers karchulu...etc anni NEXT YEAR FEES PENCHI, VASULU CHESUKOVACHU...  ANTHE GA.. PILLALA USURU TAGILINDI.",0
Macha songs em paadadu abaa,1
"Koushal  nijamja peddha manchi manishi
",1
మల్లన్న ప్రోగ్రామ్ ఉందని తాగినవే  చిరంజీవి ఆన్నయ్య సింపులు గా వుంటారు,1
అబ్బ అబ్బ ఎం యాక్టింగ్ సూపర్ సినిమా లో నటిస్తే ఆస్కార్ గ్యారంటీ ,0
వేస్ట్ ఛానల్,0
Nattu gaadu tappu maatladi vundachu Nuvvu peekindhi em ledhu Andaru nomination chesina vaadi valla vachesam antaaru Kaani votes vesedhi audience Idhem logic naaku artham kaaledhu Nuvvu Ashu limits cross chesi maatladaru house lo Adhe inko magadu mimmalni ante pativrathalla pose Em ladies raa swamy,0
 Arey r entha echchadu ra neeku ,1
"పార్టీ నుండి జంప్ కావాలంటే, ఎవర్నో ఒకరిని తిట్టాలే స్వార్థం కోసం పార్టీ మారాలి....",0
Idi Edo reel kabhatti sari poindhi lekha pothe aadhi anna deenikhi kuda eadoka setair veseavadu Mee midha,1
"వీడియో ని "" skip "" చేయకుండా చూసిన వాళ్ళు ఒక లైక్ వేసుకోండి మన హర్ష సాయి అన్న కోసం",1
Once upon a time RC acting ni enthala troll chesevaaro..ippudu vaalle RAC acting ni praise chesthunte ...aa kick a vere level,1
Sadist gadu ruling,0
ఊహ గారు.కూతురు చాలా పద్దతిగా ఉన్నారు.సూపర్,1
Janaalu navutunaru Nani asalu siggu eggu lekunda elaa support cheskuntunnav,0
అవినీతి రహిత పరిపాలన గనక ఇస్తే తప్పకుండా రాష్ట్రం అభివృద్ధి చెందుతుంది.,1
Sarayu ni mingalra,0
రచ్చ లేపే స్పీచ్ చెప్పాలంటే బండ్ల గణేష్ అన్న తర్వాతే ఎవరైనా,1
Moddakuduv,0
ఇమ్ము బ్రో ఫాన్స్ ఇక్కడ,1
కళాతపస్వి గారి ని ఈ బంగారు కొండ యన్ టి ఆర్ తో ఓ సినిమా తీయమని ఎవరైనా చెప్పండి  దయచేసి.,1
నేను ysr జగన్ అభిమానిని.... వినోద్ రెడ్డి గారు మీరు పార్టీ కోసం పడే కష్టం నచ్చింది... కచ్చితంగా మీరు విజయం సాదించాలి అని కోరుకుంటున్నాను...,1
Yadavalu andaru mla la,0
RGV tharuvathe evaraina...RGV is greater than  Rajamouli or anyone else....,1
నువ్వు రెచ్చిపో బాబు నీ వెనకాల మేము ఉన్నాం,1
babar azam gadu gobar gudda langa ha lanja meedha rape case vumdhi,0
ఈ విషయం గురించి మల్లన్న నిజం తేల్చు ఎప్పుడు ఏడవడం కాదు ఒక సారి ఇలాంటివి నిజం తేల్చు,1
Superb మా,1
samantha oka bazzar lanja dani namakodadhu,0
ని అంత డ్రామా ఎవ్వడు చేయలేడు,1
"మీ మాటలు ""అగ్నిజ్వాలలు"". ధన్యవాదములు.",1
"Director di super comedy,childish behaviour,when he said wrong answer,question ardam avaledu, ani",1
ఈ సినిమా సమంత గారికి మంచి విజయం సాధించాలని కోరుకుంటున్నాను ..మీ ఆరోగ్యం కూడా తొందరలో కోలుకోవాలని కోరుకుంటున్నాను.,1
Nuv pani cheira babu mundu eppudu vere malla meda padi edustav,0
అరేయ్ తోనే ఆగలేదు భయ్యా అరేయ్ తరువాత నీయమ్మ ఈ వర్డ్ మిస్ అయ్యావ్,0
ఇక్కడ పట్టుకున్నది పోలీస్ వాళ్ళు కాదు.... Forest Deparment వాళ్ళు..,1
చాలా రోజుల తర్వాత మా మల్లన్న వచ్చాడు చాలా ముఖ్యము జోకర్ ,1
"రఘునందన్ గారికి మంచి భవిష్యత్ ఉండాలి అని కోరుకుంటున్నా. ఇంటర్వ్యూ చాలా బాగుంది, ఫస్ట్ టైమ్ RK గారు బాగా మాట్లాడారు",1
నిజమైన హీరో నా అప్పు సార్,1
jagan oka pandi kukka gadu AP ni sankanakinchadhu,0
చాలా కష్టపడి ఈ స్టేజి కి వచ్చడు,1
Dhanikki kutha gilla mammulaga lehdu ra show na adhi,0
వయస్సు ఎంత ఉన్నది అని ముఖ్యం కాదు ఎనర్జీ ఎంత ఉన్నది అని ముఖ్యం తగ్గలే జై మెగాస్టార్,1
"Anchor talli, please give respect to the elders .may be KA PAL is very bigger than you.",1
Annaaa telugu communication baanee improve cheshav,1
Sodhi tappa em ledu indulo. Cheppindi cheppi okate music,0
Over action aapu,0
"నిజాన్ని నిజాయితీగా నిరూపించడం చాలా కష్టం అది నిజాయితీగా ఉన్నవాడికే సాధ్యం నీలో ఆ సత్తా ఉంది, నిజాయితీ ఉంది",1
Number cheppakunda recharge super ga chesav ,1
ఏ కోడలు నాని నీకు ఉంది వచ్చే ఎలక్షన్లకి నీకు ఉంది బయ్ నువ్వు కనపడటం మ్యాప్ లోనే అర్థం చేసుకో దిగితే ఎలా ఉంటుందో అర్థం చేసుకో అన్ని గుర్తుపెట్టుకున్నావ్? వచ్చే ఎలక్షన్లలో టిడిపి గానే వచ్చుద్ది వచ్చినాక నీకు ఉంటది..........,0
ఇ సినిమా మంచి విజయాన్ని సాధించాలి అని మనస్పూర్తిగా కోరుకుంటున్న ,1
kl rahul ipl baga adutavu india ki moda laga adutavu preity tho night out ha enti,0
హాట్సాఫ్ అండి నీ గుండె ధైర్యానికి నీ మనస్సాక్షికి హాట్సాఫ్ మై సెల్యూట్,1
Chetta media pade pade kualam peruvtistundi.. Ade mana states lo tiyagalada.. Oka rendu samajika varagam nunde cm avtunnaru... Mari cheyagalara ledu,1
"Minority ayithe vadhileyaala , vaallemayina Nawab laa , vaallakemayina kommulu molachaaya , vaallemayina swargam lonchi oodipaddaara , minorities ki ee special treatment endhiraa",0
"Super darling..,... Nuvvu vachaka janamlo ooopu vachindhi",1
Adhi bcci kaadhu business cricket india,0
జై జనసేన జై పవన్కళ్యాణ్ జై జనసేన,1
"Harish Rao garu adiginatlu, Kaleswaram project pai, CBI inquiry veyali",1
చాలా సాంప్రదాయ బద్ధంగా ఉన్నారు మీదే నిజమైన అందం,1
Geethu ki correct mogudu Shiva dimma thirigindi geethu ki ,0
హాగ్ ఇవ్వటానికి రావాలి,1
Ituvantivi matlade cinemalu nashanam chesukuntunnav,0
Arey nee antha chetha nakodukuni chudaledh ra ippativaraku,0
Baga over chesthunnav elane chesthe thondharaga pothav,0
ఒరేయ్ రాధాకృష్ణ ముందు ఎవరిని అయినా ఏ ఊరు ఎక్కడినుండి వచ్చారు అడిగాలి రా,0
ఆయన మీద అభిమానం ఉంటే సరిపోదు ఆయనకి ఓటేస్తేనే కదా గెలిచేది ,1
Venakala unnonni adugu cheptadu,1
Chala manchi singer  but win avvaladu but he will reach his success,1
"Veedoka Sankara jaati Santanam, malli Veedu matladdam....",0
Adhi ento  nuv wrong family  lo unnavu.. bro...nee speech  lo compulsoryga social  responsibility  untundhi..hats off to you..,1
Veellandhari kante RSP sir & Eetala sir best leaders ...,1
courtney oka  poru lanja andari modda nakudhi,0
Pavan okkasariavakasamevvandi evvandiannadueste enkomoodupellilluchesukontad,1
Venakala bord enti meeru vese boku vesalu enti thuu q,0
ఎవరి కొండముచ్చు మొహాలు... ,0
అక్క నువ్వు సూపర్ రోజా కి 90రాడు దిగింది,0
Siri kosam vachenappudu srihan ni chala manchodu anukunnam.,0
Full Entertainment ayindhi..Revanth reddy maryadaga matladina thittinatte undhi..,1
gaajulu thodukoni intlo kurcho,0
"నెక్స్ట్  అప్పు దొరక్కపోతే , అన్న  చేసే పని అదే  …",1
Anna నువ్వు దానం చెయ్యకపోతే చెయ్యకు దానం చేసే వారిని చడాకొట్టకు,0
First Ganesh anna chesina appulu and bounce iyna check lu clear cheyi,0
అబ్బా చాలా హుందాగా చెప్పారు సార్. మిత్రులారా మాట్లాడే విధానంలో  మన  కొడాలి కన్నా  బెస్ట్ కదా…,1
"Ggajuwaka pilla memu gajulollam kada...
Super performance.. all the best",1
Bagaa tension paduthunnavu akkaa...,1
Aa teskelli railway station counter lo padeyandi,0
Nuvvu nee Lanja voice pukulo dance chii...,0
Anna ni fan nenu evi Niki anavaram,1
అంతా మీ కష్టార్జితం అన్న...మీరు ఎప్పుడు సంతోషంగా ఉండాలని కోరుకుంటూ ఇట్లు మీ అభిమాని.,1
ఛార్మి నీకు తెలుగు వచ్చు కదా తెలుగు లో మాట్లాడు,0
ఓడిపోయిన కూడా రాజగోపాల్ రెడ్డి కోమటిరెడ్డి ఒక వారియర్ ,1
Vadi modda guudu,0
రాజన్న అభివృద్ధి కోసమె అయితే నిన్ను ని ప్రజలు గెలిపిస్తారు,1
"India లో పుట్టినందుకు చాలా సంతోషంగా, గర్వాంగా ఉంది. Atleast మనకి ఇక్కడ freedom ఉంది ఆడవాళ్ళకి",1
Malli Kapu Card Pattukunnav Kada,0
Rendu cinemala ke kallu nettinekkinay.,0
జనాలు తెలివైన వాళ్ళు కాబట్టే ఇలా తిరగబడ్డారు.,1
Jagartha antunadu andham antunadu akka antunnadu ento veedu em ardham kavadam ledhu em antunado ardham kavadam ledhu antha confusing ga vundhi! ,1
ఆయన స్ధాయి వేరు ఆ స్ధానం వేరు,1
Gudda balisindara aadiga balayya fans ikkada,0
"Vaadiki baagaa balsindhi.mind dobbinattundhi,kodikki.",0
అన్నా మన లాభం ఆడుకుందన్న జై జనసేన జైహింద్,1
ఏ మాత్రం సంస్కారం లేని నాయకులు ఎన్నుకున్నందుకు మనము మనము సిగ్గుపడాలి,0
నువ్వు సుధీర్ ని ఏనాడు పొగిడావులే నిన్న అయితే సుధీర్ ఎన్నోసార్లు పొగిడాడు చెత్త నా జఫ్ఫా,0
Central lo vuntene addukku tintunam eka stete lo vaste anthe enga...,0
అదే AP లో CM కూడా అవ్వవచ్చు,1
బ్రదర్ ల గురించి మీరు బాగా చెప్పారు ego లేకుండా చెప్పారు,1
"Sudheer garu na presna pedha pedha star la ke ,e, bild up undadhu nuv chala chestunav Nee kanna get up srinu baga chestaru Srinu annake big screen ki face ki correct bagutundhi",0
Mangli enni songs padi peruthechukundho valla sister ee okka song tho antha Peruthechukundhi you success continue like this sister,1
దేవి అడిగే ప్రశ్నలకు గట్టిగా దింపావూ గా (సమాధానాలు) విజయ్...,0
Arey Devudi Dabbulu ra avi vati gurinchi nduku ra asha kakapothay….devudu dabbu devudikay…dani kuda too much chestru meru,1
Vadu oka Pulihora jagan gadu,0
ఇంకొక సినిమా నార్త్ ఆడియెన్స్ మీద దండయాత్ర చేయటానికి సిద్దం. చూపించండి సౌత్ సత్తా ఏంటో. అల్ ది బెస్ట్...,1
Suma athi thelivi vd haadi attitude  promotion Motham dobbesindi,0
నా లైఫ్ మొత్తం లో  ఫార్వర్డ్ చేయకుండా చుసిన వీడియో super interview shiva bhayya,1
నా లైఫ్ లో ఒక నిజాయతీగా సాగిన ఇంటర్వ్యూ చూసా. జై బైరెడ్డి సిద్దార్థరెడ్డి గారు.,1
Goppa goppollu ...AP nundi parliament ki vellaru...maa Telangana chala better...anna Maa Telangana lo dikkumalina video samskruthi Inka rale...,0
మీ నాటకాలు ఇంకా 2 ఎండ్లె మళ్ళీ 1000 ఏండ్ల వరకు నో చాన్స్,1
danidi  nora laka cheta buta,0
Arey vaadu paata padtunnada leka padyam oppacheptunada,0
Idhi dance ante super anna nee daggara evaraina sariporu mee vantilo undhi,1
Comments chese valla istam...poi nee seperate site petkoo... YouTube la video pedthe andaru comments chestharu.. Baga salary isthunattu undi neeku trs headoffice nunch,1
సార్ మీరు  చాలా బాగా నిజాలు మాట్లాడుతారు  నిజంగా నమస్కారం  సార్,1
నవ్వు చాలు చూపిస్తున్నారు,0
నమస్కారానికి ప్రతినమస్కారం సంస్కారం,1
దేవి శ్రీ ప్రసాద్ పాట పాడుతుంటే పక్కన వాళ్ళు చాలా అధ్వానంగా  నవ్వుతున్నారు,1
అవి తొడల మెట్రో పిల్లర్ల అంతున్నాయి ,0
ఆ వెర్రి వెంగళప్ప మొహం ఏందిరా నాయనా,1
Police drama is this...janaalanu andhulo specially night time sir ani respect iche antha seen ledu...,0
King ekkada unna king ki eppudu nenu fan,1
bro moto vlogging lo andhari kanna nuvve ishtam naku,1
రామకృష్ణ  గారు బాదపడకండి  జగన్ గారు  మీకు మంచి భవిష్యత్తు ఉంటుంది,1
ANNA nee voice ante naku chala istam ,1
ఇప్పుడు ప్రభుత్వం ఉగ్రవాదులు చెతులొ,0
"నూతన సంవత్సర శుభాకాంక్షలు  సూపర్ ఈవెంట్ సుధీర్ అండ్ రష్మీ డాన్స్ సూపర్ 
Iam wathing సంక్రాంతి ఈవెంట్",1
Em Tesukovali na Bokkala padda innerwear tappa. time Bokkalo show,0
Open Heart with RK కి తెలంగాణ గవర్నర్ తమిళ సై గారు రావడం చాలా ఆనందంగా ఉంది వేటింగ్ ఫర్ ఎపిసోడ్,1
Asalu మీకు సిఘు undaa ఒకసారి కామెంట్స్ చూసుకోండి,0
బడా బడా డైరెక్టర్స్ అందరూ మనోజ్ అన్నతో సినిమా ఎందుకు తీయరు ఎప్పుడూ మెగా ఫ్యామిలీ ఏనా ఫాలోయింగ్ ఉన్న హీరో లేనా జై మనోజు అన్నా,1
ఫస్ట్ ఆమె చెయ్యి వదలరా బాబు కామాపిశాచి,0
 అరేయ్ బాబు నీ న్యూస్ మొత్తం TRS పార్టీకి అనుకూలంగా ఉన్నది... ,1
Mari aa sangathi thelisi antha madham yendhukura niku.... Vaaru garu antunnaav....gnanodhayamyndhi koddhiga....,0
Bgm tho goosebumps tepinchadu,1
 Telangana prabutvam entha cheasindo chepav mari ,1
ఒక చిన్న పాపను పెంచుతున్నారు మీకు మనస్సుకు శతకోటి వందనాలు గణేష్ గారు,1
"హర్ష సాయి ఫ్యాన్స్ ఎంతమంది ఉన్నారు
ఇక్కడ,. A man with golden heart",1
దాని పువ్వు తాడిసిందో లేదో పోయి చూడు నీ నిమ్మకాయ వార్తలు..,0
"Ma kharma .. rastani palinche mantrulu malla Reddy,gangula,talasani meeku oka dandam ra babu",0
Anna prabhas annani Amina ante assalu baagodu,0
శర్వానంద్ గారు వచ్చిన. కొత్తలో సంక్రాంతి సినిమాలో యాక్టింగ్ రోజుల్లో  కెరీర్లు చిన్ని హీరోగా  మిగిలిపోతారు అనుకున్నాను.  కానీ మంచి లైఫ్ వచ్చింది ఇంకా పెద్ద హీరో కావాలని ఆ దేవుని మంచి భవిష్యత్తు ఉండాలని కోరుకుంటున్నాను,1
Cheyi vadhalara kama pisachi,0
Enni rojulu ayindi anna ne video chusi,1
Pattinava papa industry lo ipude lesthudi ra chi marav ra,0
"BABU KCR , MEERU CONGRESS THOTHU, MODI SIR GURCHI MARYADAGA MATALDANDI",1
E paata lo Jr NTR nataniki deshame daasoham ayyindi ,1
Dhini chusathey chalu nadhi solla legisipothundhi,0
mammalni eppatnundo motivate chesthune untunnav bro..baguntav..maa andhari aasisulu theesukuni chala baguntav,1
ఈ పాట కన్న .. మీ మాటే బాగుంది.....,1
అనిల్ యాదవ్ be like ;ఎవడ్రా ఎవడ్రా నువ్వు బోకు ను బోకును నేను,0
Chalabaundi video correct time lo release chesaru hattsoff to your voice and motivational information ,1
Charan దొరికిపోయిన ప్రతిసారీ ntr ni చూస్తాడు,1
"Volunteer chesedhi seva.. Praja seva oka rakamga... Adhi emi govt job kadhu, choppinavanni thala upu kunta cheyani ki. Time paduthundi andhariki anni chusukoni, vallaku help cheyali ante. Volunteer anevaru help chese vallu, society ki, andhukani help chepinchukondi anni Musukoni.. Pani kadhu chepinchukovalsindi.",0
Vippi thiriginaudu lendhi evalla #ED CASE book ithy noppi vasthundha niku siggu undale kadha annam thintunava inka m thintunav??,0
arey meru mi chillaru mokhalu chillaru jokes vaddu ra babu ,0
Crying kadhu Ekkuva Thagesi vunnadu,0
Vedu evavu overaction chesthunnadu child labour aa,0
Disevulera mundamopi,0
ఈ web series మీద case వేద్దాం...ఎంది ఆ మాటలు..,0
 Kaleshwaram paristhiti anti bayaa ,1
Chillar chillar mokalani teskochi famous chestunaru,0
సౌత్ గురించి తక్కువగా మాట్లాడినోళ్ళే తెలుగులో పాట పాడుతుంటే వినడానికి చాలా బాగుంది,1
ee chetha vedava ku copper dam ante emito telusuna 1st adi cheppamanandi,1
వీడికి నిజంగా బేసిక్ సెన్స్ లేదు!! చూస్తే తెలియడంలా???,0
​Mana Ap lo kula partyle gelustai manaki aiggu ledu kabati bjp ni ranivam manaki kulam important.,0
central la bjp ye undi gaara ....kcr ni yem peekaleru ani ardamaindhi,1
Samba shivudu great humanity person,1
Chala baga cheparu . nagababu sir help chesena chepukoru .meru brothers kosam baga cheparu,1
ఛీ.. ఛీ...నాకు చచ్చి పోవలనిపిస్తుంది!!,0
వర్మ గారు చెప్పింది 100 శాతం నిజం. పరిశ్రమలో జరిగేది వేరు... మనదాకా వచ్చే విషయం వేరు. రాంగోపాల్ వర్మ గారు సామాన్యుడికి అర్ధమయ్యేలా అన్ని చాలా బాగా చెప్పారు.,1
Sir ycp ki balle gunapam dimputunavu,0
nuvvu thopu raaaaaa bhai,1
RGV IS న భూతో న భవిష్యత్ గురూజీ for men,1
పందులే గుంపులుగా వస్తాయి.సింహం సింగిల్ గా వస్తుంది.జై కేసిఆర్ జై జై కేసిఆర్.,1
Nibba reels cheyaku bro,0
bodudu super,0
Abba meeru em handsome anna abba i love you sudheer bro,1
ఈ వీడియో అంటే చాలా ఇష్టం నాకు,1
"Kgf chapter 1 ఫ్లెక్స్ చూసి జాని మాస్టర్ అనుకున్న ఫస్ట్ యాష్, రామ్ చరణ్ , జాని ఒకలాగే ఉంటారు",1
మనుషుల్లో నల్లగా ఉన్న వారిని ముద్దుగా నల బంగారం అని పిలుస్తారుఅంతేగాని ఎర్ర బంగారం అని ఎక్కడ పిలిచిన దాఖలాలు లేవ,1
"భారత దేశంలో గౌరవించే నటుడు అవుతాడు   జై మనోజ్ అన్న, rrr మూవీ మించి కలెక్షన్లు వసూలు చేస్తుంది",1
Ap ప్రజలు పెంట తింటున్నారు కాబట్టి ఇలాంటి నాయకులని భరిస్తున్నారు,0
Dhil raju manchi cinemal ki alaane chesthaadu. Last time krack movie ki alaa chesaadu. Appudu Krack yegisi yegisi thannindhi. Eppudu karthikeya2 dhorlinchi dhorlinchi thannuthundhi. So anni musukoni manchi movies ni encourage cheyyi...,0
Villu villa mohaniki judge Chillara Vedavalu,0
Siguu vundali mokaniki la......a,0
"Full Entertainment ayindhi.. Revanth reddy maryadaga matladina thittinatte undhi.. 
Superooo super",1
"Meru enni kathalu padda kcr 100% next cm of telangana, cheap interviews with cheap abn rada krishna",0
Poyi poyi Bollywood vaalatho kalisi theesthey ilaane vuntundi..,0
Aaku puuku theliyandhi kuda judge aipoindhi ,0
muslims andarini pakistan ledha afghan ko deport cheyali,0
ఎక్కడ నుచి వొస్తాయి బ్రో ఈ ఆలోచనలు,1
Veedu Pani ipoiendhi,0
"పర్మిషన్ ఏందుకు ఇవ్వాలి ,ఇంతకు ముందు వాడు చేసినవాటికి శిక్ష వేయకుండా ,స్వేచ్ఛ పేరుతో మళ్లీ పర్మిషన్ ఏందుకు ఇస్తారు",1
TRS entha istha annadu ra niku nv em samsarivi kavu ra Praveen..,0
"ఎందుకో నువ్వంటే నాకు eatam అన్న
వేదం సినిమా చూసినప్పటి నుండీ ..decide ayyanu ... Your my brother...",1
హరి హర వీర మల్లు & దసరా మంచి విజయాలు సాధిస్తాయి,1
Pichi kukka tho pillasainiks jai Paytm pillasainiks,0
టికెట్ డబ్బులు తో వీళ్లు దొబ్బి తింటున్నారు,1
"Boggemi kadhu, vedu vidi dramalu",0
ఇది నాయకులు అంటే జై జనసేన,1
Ongole pace college (2020) batch madhi,1
"NTR & RC Fans kuda troll cheyali because Vijay devarakonda indirectly targeted NTR & RC on the day of liger trailer release. Konda meeku ma Nanna thata teliyadu ani anadu
Naku vijay devarakonda disaster movies telusu",0
తొడలు చుపెట్టడానికి aa చిన్న బట్ట వేసుకుంది,0
indian player aata radhu padhu semi-finals piles anni modalo jabbulu vachi odipotaru,0
Chaala disappointed mood lo intiki vacha bro mind antha free aipoindhi,1
King Ane vadu okkade untadu Vadu ekkadunna kingee,1
Village ammayi super,1
public meeting lo ala matladalo teliyani valaki anchor chance ivvakamdi,0
"Miss you balu garu,, మీ పాట విన్నప్పుడల్లా మనసు చాలా ప్రశాంతంగా ఉంటది.",1
Deeniki k... Kovvu Baga perigindi,0
బ్రదర్ నువ్వు TRS ఏమన్న అంటే కెసిఆర్ కేటీఆర్ తోపు అంటునవ్ అతనేమో బీజేపీ కి వత్తాసు పలుకుతున్నాడు,1
Telangana ki manchi rojulu vasthunai... ,1
 Arey babu asalu nuvu telangana lo m adikaram undhi ra matladaniki ,1
జై ఎన్టీఆర్ అన్న జై రామ్ చరణ్ అన్న,1
"ఇతర దేశాల సాంస్కృతులకు, వెష, భాషలకు, మత ఆచారలకు అర్రులు చాచె బానిస బతుకులకు ఆత్మ గౌరవ పరిరక్షణ అంటే కుదవపెట్టే విషయం మాత్రమే…",1
Dheeni chusinappude artham ayindhi idhi tractor la meedha dance vesedanila undhi ,0
పూరీని వదిలేసి పంజాబ్ పో ఇప్పటికైనా బాగుపడతావు లేదా ప్లాప్ హీరో తో ఇంకో సినిమా చై సంకనాకిపోతావు,0
డాన్స్ అంటే ఇది ఇలా ఉండాలి స్టైల్ గా చూడడాడనికి అందం గా ఆ ఢీ షో లో చేస్తారు అది సర్కస్ లా ఉంటుంది ,1
Deepak Kalal Increasing His Haters In To A Fan Day By Day,1
అసలు వీళ్లకు విచ్చలవిడిగా ఖర్చు పెట్టడానికి ఇన్ని డబ్బులు ఎలా వస్తాయో?,0
Anna nuvu chepthuntevoka emotion vasthundanna,1
Beautiful ammai ni pattu konae verae name tho enduku pilustaru,1
ఓం నమో వేంకటేశాయ,1
Mokkam paguludhie,0
Suma gurinchi evvaru cheppanakkarledu . Tanante maaku Chala istam.,1
"Enti villu ee cinema ni oka bahubali, kgf kante ekkuva uhinchukuntunattu unnaru..papam.. picchi vedava",1
"రేవంత్ రెడ్డి గారు మీ ఒపికకు మీ సహనానికి చేతులు ఎత్తి మొక్కుతున్నాం
ఇప్పుడు ఉన్న పరిస్థితి లో మీరు చాలా గ్రేట్",1
"Aa reporter laffut gaadu....aa girl correct ga ne cheppindhi, first lo ne ఆమె చెప్పింది Virat Kohli ishtam ani l, malli vaade cricket ఎవరంటే ఇష్టం అని అడుగుతున్నాడు, వాడికి అసలు knowledge undho లేదో na doubt",0
Disha nendutalade petrol bunk lo cctv futage tapa vera aemi avedence ladu valani encounter caseru velani cheyandi apudu tapa naku matram tapa police la pina namakamlad,1
ఈ మధ్యకాలంలో బయట చాలా ఘోరాలు జరుగుతున్నాయి ,1
​మా జగన్ రెడ్డికి హిందీ ఇంగ్లీషు రాదు,0
lavada bro hater gallu chiller,0
Vadu ninnu KL University lo chusi undadu andhuke ala annadu ,1
Hloo ktr garu meru rajagopal Reddy garini Peru petti piliche antha thopa nuvv.........,0
Kanipinche devudu CBN,1
"E family dabba manuko vayya bul bul 
Chala mandi ki records vunnai edo mi family goppa migitha family Sankara jathi ani anadam  comnsence ledhu ani ni certificate chepthundi 
Mi family lo ntr ela vuntadi kalyan ram nv marav nv manshiva balayavva ani antaru ma side",0
ఎం పోయే కాలం రా ఈ రాజకీయ పార్టీలు యనకల తిరిగి పోయారు,0
Free ga icchina cinema theatre deggariki kuda evvadu raadu,1
Srinivasa gaaru endukee panikamaalina debate... Aa sambaki paniledu... Meeku jeetam kavaali ..makenti gola... Anni exams happy ga jariginai... problem meeu creat cheyyavaddu,0
ka paul ki pichi pettindhi modda vadu enti leadder,0
Marri nevvu am I pekavu,0
"Sicogallu  tho jagrthha,,,",0
ఉమ అన్న అంటే కడుపు మంట కేవలం వెస్ట్ candate వి నువ్వు,0
"Asal  charan anna looks evariki undav, highly sprb looks",1
దేశం కోసం ప్రాణాలు అర్పించిన ఎంతో మంది సైనికులను తలచుకుంటూ జై హింద్ ,1
Ah group lo nannu add chaindi mawa,1
Only rajakiyam ga vadukovatanike ee dharidrapu arestlu,0
ఇది రెడ్ లైట్ ఏరియాలోది అనుకుంటా,0
Mallanna fighting for every thing which is relevant to trurth,1
పక్కోడి మీద ఉండే ఇంట్రెస్ట్ లో సగం మనం చేయాల్సిన పని మీద ఉంటే చాలా బాగుంటుంది,0
NXT Stop Ameerpet. తలుపులు ఎడమ వైపున తెరుచుకుంటాయి,0
agu gadi debbaku reddys ni jobslo evaru petukoru kulanike ibandi padutumndi,0
రాధాకృష్ణ గారు ఆకెళ్ళ రాఘవేంద్ర గారి నీ ఇంటర్వ్యూ చేయండి. మేము ఎంతగానో  ఎదురు చూస్తున్నాము.,1
సలాం పేరోజుబయ్యా.చాల ధైర్యం మీకు. ఆదేవుడు మిమ్మల్ని కాపాడాలి. 🇮🇳జైహింద్.,1
​okadaniki dhikku ledhu veddi mokana 3 anta aha aha,0
Prajalu andaru sachinanka peekedemiledu,0
kajal oka bitch  naku modda dani notlo pettali anni vundhi,0
"వర్మ గారు మీ అవసరం పాకిస్తాన్ వాళ్ళ కి ఎంతో అవసరం ఉంది, అక్కడికి వెళ్ళి పోవచ్చు కదా.",0
Dhinni evadu ra judge chesindi..asalu..manchi matale Ravu dhiniki,0
హృదయ విదారకంగా వుంది... అద్వానీ గారు...one of the founder of BJP... time వస్తుంది.... అందరికీ,1
Enni saarulu chusina chudalanipistu vundhi ,1
"Krishnarao garu 2007 episode marichipoyara, viveka resighnation kcr bypole time enduku e dabba kaburulu",0
vedu avvadu ra child artist aaaaa antha over action minguthunnadu,0
"britain chethulu kaalayi China's drama la thoti, so Jaagratha has Britain vundaali. Britain konni thyagaalu cheyyali.",1
అబ్బా..... ఈ tiktok కోసం ఎప్పటినుంచో వెతుకుతున్నా,1
ఏదో మాటవరుసకి యూనిఫాం తీసేసి రా చూద్దాం..... అని జె సి దివాకర్ రెడ్డి అంటే మాత్రం,0
సిద్దార్థ్ రెడ్డి అన్న లాంటి నాయకులు ఈ సమాజానికి చాలా అవసరం ఉంది ,1
"Rgv చాలా సంస్కార వంతమైన.....మనిషి ఆయన మాట,చూపు,ప్రవర్తన ...అన్నింటిలో సంస్కారం కొట్టొచ్చినట్లు.......",1
అన్న మీరు ముగ్గురు ఎప్పుడు ఇలాగే కలిసి ఉండాలి అన్నా,1
Exposing dose penchhite offer lu vasaty ,0
0 pellillu chesukoni padimandini kanakoodadu.janabha yimka perigite yimti stalalu chalavu,1
Ali mi wife Kerala vellara Ani adigithe niku ela untundhi????  Thappura nayana ala matladatam,0
Sridevi drama company Jaan se madam super Bellary district sandur taluku,1
నువ్వు మాత్రం డబ్బులేస్తే ముష్టి వాడి పక్కన అయినా పడుకుంటావు,0
ఏం పర్ల ఏం పర్లా....కప్పు ముఖ్యం కాదు....ఎంత కుళ్ళు కుంటూ బ్రతికామా అన్నది ముఖ్యం..,0
himanata asala siggu ledhu kerjiwal lanti valla pettukovadaniki,0
"Aree babu anchor .... Niku virat vchi chpnda ....nak rohit ki godval unnay ani . Chpnapud nikendhuk ra dhula , muskoni undaka...",0
ప్రభుదేవా తరువాతే ఏ డాన్సర్ అయినా,1
"Jai shah
నాశనం చేస్తున్నాడు",0
జీవితంలో మళ్ళీ ఇలాంటి నిర్లక్ష్యంగా ఉండకుండా జరిగింది... విడిని చూసి ఇంకో 10 మంది మారతారు,1
Evala takkuva theatres se.. Repu chudu... double avtay... mamuluga ledu movie...next level... Gopichand sahasam movie reference undi,1
"Flop ante eante  bayya
Neku thilusa
Nuvvu thisava movie
Nuvvu produce  chesava
Nuvvu chusava
Ne abba
Nuvvu chudara movie first ",1
Paul mosapoyadu....RGV ellipoyadu...anchor biskit ayadu gist of this non sense,0
Its NTR revolution  prapan̄ca sini caritralō  naṭane ūpiri gā  jīvistunna  goppa vyakti  mā anna tārakarāmuḍu ,1
Nibba ki phone istey ela untundi,0
ఇంత స్పీడ్ డాన్సర్ ఎవరు చేయలేరు,1
Nirmala sitaraman garini ala anadam tappu,1
lanja rhea thana acting appi nijam opukvaali thanu thana moddalo acting,0
Ee ammai chala bagundhi.pade pade chudaalinipistundhi,1
Baga kastapadutunnav brother super,1
"శేకర్ మాస్టర్, యశ్ మాస్టర్, రమ్యకృష్ణ మామ్ వరకు ok మిగతా చిల్లర బ్యాచ్ జెడ్జెస్ ఏందిరా నయన..",1
Flop vachina director's ki hit yevvadam NTR Anna ki sontham,1
mallikarjun kharge  gandhi family kukka vallu emi chepthe adhi songa karchukoni oppukuntaru,0
E Andhra Thanos and Paytm batch picheakki elanti panulu cheastunarru.... Poea kalamm dagera padindi.,0
"Meeru nijanga great sir,,, RGV is very great,,,",1
ఇలాంoటి తప్పులు చాలా రాసింది నీ అవినీతి పత్రిక,1
మ్యూజిక్ సూపర్,1
"తగ్గేెదేలే శ్రీ రామ చంద్రుడు,హరిశ్చంద్రుడు లాంటి వారు అనాలి,smuggler's కాదు. మీరు అసలైన హీరో గురువు గారు.",1
పాన్ ఇండియా రెడీగా ఉండు 2023లో టైగర్ ఎన్టీఆర్ Anna వస్తున్నాడు,1
"Ayya kulaala gajji vadhulu, nee STRAATAJI baaga ledhu nuvv saadhinchalev",0
jagan ki alane gudda lo rod dimpali public,0
నీవు తెలుగు ఇంత చక్కగా మాట్లాడు తుంటే మన చిన్న బాబు అనుకొని ఉండడు అయితే బెంగళూర్ ఇన్స్టిట్యూట్ లో బాగా నేర్పుతున్నారు తెలుగు,1
సింహం నిద్ర లేచింది ఒక్కొక్కడికి ఒక్కొక్కడికి జోలపాడలేవు,1
rohit sharma kulubothu na koduku Asia cup kuda tesukorale malla vadini virat lo poluchutaru,0
Bindu ante flower anukunnava fire fire ahee ,1
Madam sigupaduthundhi emaina guthochintlu undhi,1
Best Laddu lags pilla award goes to Mouli mama,0
"Kgf chapter 1  ఫ్లెక్స్ చూసి జాని మాస్టర్ అనుకున్న ఫస్ట్  యాష్, రామ్ చరణ్ , జాని ఒకలాగే ఉంటారు",1
"MLA ticket కోసం, పదవుల కోసమే ఈ గడప గడపకు ప్రభుత్వ యాత్ర, పాపం CM గారి హామీలకి వీళ్ళు బలి..",1
okkati kuda thiyanavasarm ledhu ,1
"Babu gogineni sir,veedu inka marala please evarikina choopinchandi please",0
ఇంక రాబోయే రోజుల్లో ఎన్నిసార్లు దెంగించుకున్నారు అని అడుగుతారేమో,0
సినిమాల వల్ల దేశానికి ఎంతోనష్టం కలుగుతోంది.,0
పద్దతిగా వుండండి,1
"
సరిగ్గా చూడండీ అక్కడ విగ్గురాజు ఉన్నాడు అబ్బా…",1
ఆది దాని బ్రతుకు...చంద్రబాబు లేకపోతే పార్టీని భూస్థాపితం చేసేది..,0
Enduku raa eapudu godavalu padtharu meru tha show chesina...naa loudaaaa,0
I think ycp ki 2024 election last anukunta,0
Dramoji pedda 420 . AP ni nasamchesina vallalo veedu No. 1,0
Akka neee voice la Edo magic music undiii,1
KCR 420 TRS party 420 party,0
రాధాకృష్ణ గారు మీరు ప్రపంచంలో అందరినీ విమర్శిస్తారు అందరి తప్పులు కనపడతాయి ఒక్క చంద్రాల సారు తప్ప,1
Eddaru super,1
నాని మీలో సూర్య పోలికలు కనిపిస్తున్నాయి. So nice of you,1
"Maa jaganu attu kudda pikalarru miru motamu kalise vachinnaaalion is jaganu
Piges grop is babu pawanu lokesh",1
Next faima ఈ పొజిషన్ లోకి రావాలి... సపోర్ట్ లేకుండా గేమ్ ఆడట్లేదు... Worst గా behave చేస్తుంది aha erri puku di,0
రోజా చాలా తప్పు చేసింది.. ఇంకా చేస్తుంది..,1
Kadupuki annam thintunnavaa biryani thintunnavaaa........what a comedy dialogue......really super,1
Entha show dengutunnaro telsa nvu vadu chustunna chala over iendi KG skin ledhu body lo endukey neku thonda mokam dhana,0
"ఈ సాంగ్ ఎంత మందికి మళ్ళీ మళ్ళీ వినాలనిపిస్తుంది..ప్రభాస్, పుాజా హెగ్దే.. Love Scenes really Awesome.. Cuteness Overload ",1
ఇది హీరోయిన్ ఏంట్రా కర్మ....చి చి..మూతి హీరోయిన్..ఒక సినిమా హీరోయిన్ అంతే ఇదేనేమో,0
anasuya lavada mokahi 40 ellu aunty anukunda babu annala,0
Mundu.vacchinollu.peekipoyaru.eeyanocchi.peekuthadu,0
arey sulli gah ma rc medhey chesthava ra,0
Pora neeeeeee nekanna pedha vunmadhi vuntara ambati,0
"Anna assalu yevvaru nuvvu , different ga try chesav famous iepoyav ,, Nuv Super Bro,,",1
సినీ కళామతల్లి ముద్దుబిడ్డ మెగాస్టార్ చిరంజీవి గారు హ్యాట్సాఫ్ టు యూ అన్నయ్య,1
మార్పు కోసం ప్రయత్నిస్తున్న మా అన్నకి ఓటు వేస్తాం,1
Geethu first navu over action vadu ok ah pubic ke over action vadu ok navu Koda same,0
Election time lo ni kallu poyaya,0
మధుసూదన్ అన్న అసెంబ్లీలో అయినా బయట అయినా మీ స్పీచ్ కి మేము ఎప్పటికీ అభిమానులమే,1
Etv news Ani thesesi chandrana news Ani pettandi baguntundhi,1
Erripuvvu panulu,0
sonam kapoor ni rape nadhi road o vadhileyala,0
"Rip sir..మీరు మమ్మల్ని విడిచి వెళ్ళినా,,మీ పాటల రూపంలో  మా హృదయంలో ఎప్పుడు జీవిస్తునీ వుంటారు",1
Naa moddala show chesthunnaru,0
 నువ్వు ఎవడి ఉంపుడుగత్తెవో అందరికీ తెలిసిందే ,1
లక్ష్మీ పార్వతి ఎంత బోకు ముండో అర్థము అవుతోంది,0
Eppudina ardaminda power cuts ap lone kaadu india mottam edhe problem,1
malla anna niku Picchi kani lesinndara sulliga,0
"జీవా ఓ విలక్షణమైన నటుడు!!
సీరియస్, ఫ్యూరియస్ పాత్రలే కాక కామెడీని కూడా నూటికి నూరుపాళ్లూ పండించగల అద్భుతనటుడు.",1
ఈ పాట చూశాక. ఈ సినిమా రిలీజ్ ఎప్పుడైద్దా అని ఎదురుచూసే ఆసక్తి పెరిగింది. ,1
ఒరేయ్.......నీకు చేతబడి చెప్పించిన ని అబ్బదలకు ఆ చేతబడి కూడా నిన్ను ఏం చేయలేదురా,0
Moham lo choodu ...enta kala uttipadutundo...,1
తెల్ల తోలు వెదవలు భారతీయ సంతతికి అవకాశం ఇస్తారా?,0
ఏంటి గుర్రం 2'సరే కి వస్తోందా.. పక్కనే చెట్లు ఉన్నాయి వెళ్లి లోడ్ దించేయ్,1
Naa Sanka Naku mari,0
"Naaku okasari pisakalani undi, APsommullu tini.telangana lo pisikinchukuntunnaru",0
Edo sollu chepthadu..,0
niku oka cinimalu 100 kotlu nikendukura annikastalu vidu sodi pedalaku yemievvadu maremi sestavu bayya,0
ముందుదనీచేపుతోకటలీతరువతవడీనికోటలీఅసాలుచీగూఉందధనికి,0
"RK  comedian ikkada, KA Paul is very confident ",1
దండాలయ్యా దండలయ్యా మాతోనే నువ్వు ఉండాలయ్య.,1
మంగ్లి అంటే ఎనర్జీ,1
"Mahanati nuvvu swardaparuraluvi.anta gowravam unte kuturila,marochu.kaani kattukonna mogudini vadhilesavu.modati mogutu kooda vadelesav.swardam kosam NTR garini mabbipatti manchidanila natinchi mosamchesav",0
Saami... Kadha kannaa venakaala nuvv cheppina vivarana baagundi..,1
"నిజాయితీ గా చెప్పావ్ అన్న, జరిగింది జరిగినట్టుగా",1
Are lanjoduka eko saru video theyaki raa lajodka,0
orey puk puri mari anta moddalo cinimea endhuku tesavavu cheppu oksari?,0
okko comment okka diamonad lags vundhi bayya,1
Vadu baney unnadu nuvvu chusko nedi,0
Thumbnail Chetha ga undi,0
Rajyanganni marustham ante matram thaggedele,1
ఈ ఇంటార్వు పేరుతో కెమీరా మెన్ పండుగ చెస్కుంటున్నాడు అన్ని అంగిల్స్ లోను,1
Liger movi బాగుంది ,1
దీన్ని రోడ్డమీదవదిలేసారు దీనికి రాకేష్ మాస్టర్ కరెక్ట్,0
Theatre lo chusi masth enjoyed,1
Eppudaina mi putra ratnam gurinchi Nijam cheppandi vijayamma gaaru,1
"Madya madyalo aha sound vere level..Ee aunty ekkada dorikindi bro vadaletlduga..
Gap ekkuvindi bro",1
arey meeru poorugullu patti potaru ra ma vd anna support cheyandhi ,1
"మనం విప్పుకు తిరుగుతూ, చుట్టూ ఉన్న వాళ్ళన్ని కప్పుకో మన్నట్టుంది.",0
దీని దిక్కుమాలిన డాన్స్ ఏంటో???,0
మీరు స్త్రీల ను తల్లి అని  గౌరవించే మీ ప్రవర్తనకు   పాదాభివందనం,1
420 lani tondaraga jail ki pampali  appude prajalu prasaanthanga untaru ,0
"Dear, ETV Variki , Dear, Gnapika Entertainment's Variki , Dear, Ali Gariki , Sir, Adivi Sesh Gariki , Madam, Saiee Manjrekar Gariki ",1
"Evadu vachina game aadedhi cash kosamey ,erripappalu iyyedhi manamey",0
Road pakkana vallu andaru bayatiki vachavuga,0
నూటికో కోటికో ఎక్కడో ఎప్పుడో పుడతారు అది నువ్వే నువ్వే మాస్టారు మా దేవుడు నీవే మాస్టారు మా రాకేష్ మాస్టారు.. అని అన్న దా. మీ లక్ష్మి అమ్మ గారు. అమ్మ అమ్మ అంటూ గెంతు లు వేశారు. అమ్మ చేతి వంట అమృతం అన్నారు ఇప్పుడు అమ్మ ఏమైంది మాస్టర్ జి.మాయం అయిందా అనాధ శరనా లయం ఆశ్రయం అయ్యింద. సేవ పేరు తో డాన్స్ లు వేయండి సార్ ఏమిటో ఈ మాయ తెలియ కున్నాదయ. ఏడుకొండలు స్వామీ,1
ఏముంది దాని ధగ్గరా ? సల్లూ పచ్చడి అయిపోయాయి.,0
Ekkada memu NTR fans evaru bayapadatam ledu enudkante hero director ki freedom ivvali... Adi NTR ki and K siva ki chala good bonding undi,1
నీవు దేవుడు సామి,1
"samsaram kadu, adi vebhicharam",0
Oh thammudu mastu cheppinav,1
దమ్మున్న లీడర్ మా రాజన్న,1
తు.. మీబతుకులు చెడ మీవాళ్లు చూస్తే పరువు మిమల్ని ఎ డారిలో వదిలేయాలి అ పుడూ బుద్ది వస్తుంది,0
ma ntr anna medhey memes chesthava ninnu origikichi dengutha ee post delete cheyakunte,0
Neevalla eekamukka kuda avvadu Pavan Babu velli shootings chesuko...vellu,1
Village piilla super,1
Mi Nanna ni chepinadi nivera,0
 Manchi vishayam telusukunam sir dhanyavadalu ,1
#అఖిల్ అయ్యగారే కరెక్టు…,1
Mana nāyakulu eppuḍu cinna vāḷḷa mīda pratāpaṁ cūpistāru..... Phasṭ pōyi rōḍlu vēyaṇḍi nīṭ gā....,0
Hello paytm s meeeku okkadi paguluddi,0
అన్నా ఈ స్పీచ్ రోజుకు మూడు నాలుగుసార్లు చూస్తేగాని నాకు నిద్రరాదు.....సూపర్ బండ్ల,1
దొంగలు దొంగలు కొట్టుకు  కుంటారు అంటే ఏందో అనుకున్నా  అది ఏందో ఈరోజు మీ అసెంబ్లీలో మీరు మాట్లాడే మాటలు యావత్ తెలంగాణ ప్రజలు గమనిస్తున్నారు ....,0
చాలా మంచి వీడియో అన్న,1
Ee ammai chala bagundhi.pade pade chudaalinipistundhi,1
Ee cheppulu mose Banisa Sanjay ki intha avasarama?,0
match gadida modda ayindhi .,0
Konderri puk channel la unde,0
"మీకు చపడం ఈజీ అక్కడ అనుభవించే వాలకు తెలుస్తాధి....  అక్కడ 14 అంతే మా వూరిలో బస్ లో 198,146,114 ఇలా పోతున్నాం..",0
MLA అయిన MP అయిన గేట్ బయటే వుండాలి,0
మెగా ఫ్యామిలీ  అంటే నాకు చాలా ఇష్టం  అందులో  మా బాస్  చిరంజీవి  గారు,1
Oka sari aa abbai yavaru chapadi madam Garu,1
నువ్వొక్కడివే మి ఫ్యామిలీ లో అందరితో కలిసిపోయే గుణం కలిగినవారు brother,1
Kim mama enter ithe war one side ea ega,1
Nagavalli died because of this video,0
Sollu cheppalante Veedi tarvathe raa. Dabba babu,0
Guruvu garini kalavalekapoyanu ane Chinna baada kakapothe Aayana puttina roje Nenu puttanu naku adoka santhosham Dasari garu vunte ey MAA Elections Kani kotha talent vunnavalani kani Gurthinchi Avakaasham ichevaalu,1
అన్నా నువు ముడ్డి కడుక్కోకు,0
EDI padite adi teeyadam janaalanu cash chesukovadam.,0
Really ANUSKA mam mee ku naa brother biggest fan ,1
పొలిటికల్ లో అడుగు పెట్టాకా యెవ్వడు ఏం అన్నా నోరు మూసుకుని ఉండాలి. ,0
na athulu anta leru na endhuku ra,0
oka pani cheddham vada pav ane brand ni relaunch cheddham,1
మన దేశంలో దున్న పోతును మేపినట్లు మేపి బెయిల్ మీద బయటకు తీసుకు వస్తారు..,0
Assembly lo aa party kani sir ma samsyaluni gurinchi matladandi missillineous vanni matlda vaddu si,0
puk chinthapandu chestha na kodaka,0
నీకు అసమంటి అన్న తమ్ముడు ఉండటం చాలా చాలా అదృష్టవంతుడివి అన్న.,1
"Thank you, bro. Roju mrng walk ki velletappudu ne video vinta, u r adding lot of value for me and my tym",1
Reyy evvarra meeru antha,0
యెల్లో కాలర్ టీషర్ట్ అతను సూపర్,1
Media mundhu enduku pettatledhu...asalu nijamganey arrest chesara,1
ఎన్నిసార్లు విన్నా వినాలనిపిస్తుంది ఈ పాట,1
బయటకు గేంటేసారు ఒక్కసారి లైవ్ ప్రోగ్రాం నుండి అంతే పాస్ట్ గా పైకి లేచాడు చూపించావు ఓటమి లో కూడా ఎలా పైకి రావాలో అని ,1
Komatreddy Garu Telangana kosam Padavini rajinama chesi Niraahaara deeksha chesina Leadrs lo okkaru...Every one respects him,1
చంద్రబాబు నాయుడు గారి పేరు చెప్తే ఏమి చేయలేడు కానీ జగన్ గాని పేరు చెప్తే నిన్ను బొక్కలో వేసి కుమ్ముతాడు,1
Ycp chappina matalu vinte mosapotaru jagrtta,0
నాగ్ అశ్విన్ సింప్లిసిటీ కీ ఒక లైక్ కొట్టండి,1
పరిటాల రవి అన్న పేరు వింటేనే ఏదో తెలియని  పులకరింత మన శరీరం లో....జయహో పరిటాల...... మనిషి పుట్టుక 100 సంవత్సరము   లు అవసరం లేదు....అన్న లా ఒక్క రోజు చాలు..,1
చాలా బాగుంది రాహుల్ గాంధీ,1
Bidda evaroo erripuka la unnadu,0
ఏం మాట్లాడుతున్నారు రా నరాలు కట్ ఐపోయినాయ్ దయచేసి షో బంద్ చేయడం మేలు ,1
Correct ga   chepparu   sir   next   time   Meru   cm   kavali,1
నీ ఫ్యామిలీ లేడీస్ ను ఎవడైనా రోడ్డు మీదా ఇలా చేస్తే ఏంచేస్తాం బ్రో.,0
Nda thoo TDP potthu ap bhavishyuth ki manchidy,1
Gunturodi yetakaram ante itlane untadi mari ,1
Brahmini name yenduku raa...Orey tingaroda as amai paruvu teestunavu,0
Atla vuntadi RC tho,1
కొంతమంది కా ఉద్యోగం కూడా లేదు,1
Gudha loo kotaka malli interview okatii,0
ఈ కచ్చా బాదం సాంగ్ అమ్మాయి కి సెట్ అవుతుంది,1
"మనం చూపించిన మంచితనం ఇప్పుడు ఫలాన్ని ఇప్పుడు పొందుతోందన్న మాట. ""ధర్మో రక్షతి రక్షితః"".",1
మీ లాంటి లాయరు ఉండటం మా అదృష్టం సార్.....మీకు ధన్యవాదాలు..,1
Ippudu nuvvu cheppindi yem pikutanani news chesataru,0
Naku thelisi rc gari  eyes lo power ni correct ga use chesukunnadi  matram......puri garu mathrame in chirutha lo,1
"పుట్టడం అంటూ జరిగితే అది రైతు కుటుంబంలోనే పుట్టాలి,చావడం అంటూ జరిగితే అది భారత సైనికుడిగానే చావాలి... ",1
ఇంతవరకు వచ్చినాక చర్యలుతీసుకోకపోతే మిగితావారందరూకూడ విశ్వరూపాలు చూపించి పాపులర్ అవ్వడానికి సిద్దపడతారు..ఇవన్నీచూసి ప్రజలు సచ్చిపోతారు సామి..,0
వీడికి నిజంగా బేసిక్ సెన్స్ లేదు!! చూస్తే తెలియడంలా???,1
Sodi akkuvuga undi matter ledu doubt hey,0
bollywood sangam dengapetindhi karan johar,0
malla anna ha puk gadu vadu kani danam cheyali pasnari puku vadidhi,0
mallanna tappudu darlo vellaku. oka melu jarigetappudu konni vishayalu oppukovali. mana paruvu Manam teesukundam entavaraku correct.  Kcr bathroom biryani gurinchi telisi kuda chala mandi peddalu niraharadeeksha ni munduku techaru kada . jarige melu telusuko.adi andariki manchidi,0
Orey search cheyalante balance undali kad ara ,0
DEAL VIDEO thesi pettu.  chetha news.,1
Ee gali gadu Ugipotunnadu.Cinma shooting anukunnademo.,0
yogi cinemaa muhurtham pettaduu ...adi flop avuddani teliyadu raa maidapindii,0
Manchu Laxmi lo andam ekada kanipistunde raa babu .dabbu unte stone kuda diamond laga kanipistunde,0
Kutha chimpi paara dengutha ani Artem Kcpd ante,0
I miss your పేరడీ సాంగ్స్ ఇన్ జబర్థస్త్ andi,1
ఎంత తోక్కితే అంత లేస్తాడు మా అన్నా.,1
తలసాని గారు మాకు మీ మీద ఉన్న గౌరవం తగ్గించుకోకండి,1
"అయోమయంలో రోజా బ్రతుకు, ఈసారి ఇంటికే ఇక",0
Tega feel ayitunnadu  adhe vere hero ayithe notikochinattu vaagutunde,1
"Ammai Maya la padithy Ela madhyala out aavtham, papam bali aaipoyadu pilla puku gadu",0
Ee movie kosam. Wait చేసేవాళ్ళు . ..like vesukondiii....,1
"ondarga sachipora taagubothu KCR
Talangana ki pattina daridram potadi",0
Arri pappa prbhas aunty barre fece vanidhi ,0
రాబోయే కాలానికి కాబోయే హీరో,1
పవన్ కళ్యాణ్ ప్రజల నాయకుడు ,1
​okari mida estam too alochinchakandi okari mida dweasam too kuda alochinchakandi,1
Eme thagi matladthundemo,0
ఈ సినిమా చాలా చాలా చాలా బాగుంది అన్నా వాళ్లు ఒక లైక్ వేసుకోండి ,1
వీటికి బాగా బలిసి కొట్టుకుంటున్నాడు అందుకే లైగర్ సినిమా దొబ్బింది,0
అన్నకు అర్థమయింది ఈ పాటకు అందరూ పరుగెత్తి పోతారని..,1
Rey verri pushpam recharge khaali ayyaka browser yela work avuthundira,0
Chala smart anna nvu....puri sir koduku anioinchukunnav,1
Endhukura ayya pichi pichi thumbnails pedtharu???,0
"ey pinky hey pinky hey pinky, etla unavu, me KCR etlaundu? Time ki money biryani istunda",1
సర్ goodmng ధర్మవరం నేను ప్రతి ఎపిసోడ్ చూస్తా మీలాంటి వాళ్ళు చాలా అరుదు,1
నిజమే పవన్ కళ్యాణ్ అంటే ఒక వెసనం.. చచ్చినా వదల్లేము,1
Vadoka lucha gadu vadiki jagan party ne correct,0
Bro mangalyamlo  mee Acting  osm,1
"Ari pulka family chusi videos aa evi
Control words",0
​bandi reddy ane porambol edava ga undu modi cheppulu moyadaniki,0
మీరు మాకు దూరం అవ్వడం మా దురదృష్ట మీరు మళ్ళీ పుట్టాలని కోరుకుంటున్నాం ఐ మిస్ యు సర్,1
ముందు వాలంటీర్ అంటే అర్థం తెలుసుకోరా,0
ముందు కళ్ళు తరువాత రాళ్లు తెలివి ఉన్న వారు చేసే పని ఇతరులతో మరియాదగా ఉండాలి మరి బానిసల కాదు,1
Geethu ni frist eleminate cheyyandi mari ante Mari chesthundhi edhi pedha over action toy aeindhi ra babu,0
Vera level sinking sir comedy super,1
విశ్వక్ ఓవర్ యాక్షన్ అనిపిస్తుంది.,0
niamma puku denga siggu vundali ra,0
Ramakrishna garu thappa migilina chillara aedhavalni pettaru judje lu ga,0
Tdp Ki idem karma ra ,0
పుట్టినరోజు శుభాకాంక్షలు అన్నయ్య ,1
Dengav ga video,0
Rey first education health free ivvu racountry m cheddam anukuntunnav ra telangana katham chesina,1
Ilanti comedy Valle movie flop aindhi,0
బైరెడ్డి సిద్ధార్థ రెడ్డి కి మంచి రాజకీయ భవిష్యత్తు ఉంది,1
Anna....Nee lanti vaale kavali .... TDPki,1
బోకర్ దానిలా మాటలు మాట్లాడకు,0
anayana kapoor overaction tappa em ledhu,0
ఈ సినిమా ప్రమోట్ కోసం ఒక private jet లో కూడా ఎంజాయ్ చేసినట్టు ఒక వీడియో ఉంది.,1
"Ettaa teesaru bhayyaa...cinema ni writing,performance,music..direction everything is just classic...the best love story ive watched till no",1
రేవంత్ రెడ్డి ద్వారానే ప్రభుత్వం ఏర్పడుతుంది,1
"ఈ వీడియో RGV కోసమే చాలా మంది చూసి వుంటారు,,",1
Jai ktr Anna ....,1
"శుభాకాంక్షలు సర్, మీ సినిమాకు ప్రేక్షకులు అన్నిచోట్లా బ్రహ్మరధం పడుతున్నట్లు తెలుస్తోంది",1
Aapandi ee dabba maatalu .Chiranjeevi garu good and inspiration for upcoming aspirants of film stars.He never spoke as degrade actor of like u.Every time u & ur pk brother bringing his name into controversial issues.,0
...A gundey Brathakali Bro,1
చెప్పేది పూర్తిగా చెప్పనిస్తే సరిపోతా ది,1
"Na bochulo tv news hmtv fake vedio
",0
మనకి మంచి డైరెక్టర్ దొరికేసాడు నవ్వు కి మించిన మంచి మందు ఏమి లేదు.,1
నువ్వు అడుగుపెట్టిన కానించి ఆంధ్ర ప్రదేశ్ అప్పుల ప్రదేశ్ అయిపోయింది,0
అరేయ్ చాయ్ అమ్మిన మోధి భారత దేశంన్ని అధనికి అంబానీకి ఎలా అమ్ముతున్నడో అలానే ఎదిగాడు,1
ఇదే చైతన్యం అంటే. తిరగబడం అంటే ఇదే. అమ్మపెట్టదు అడుక్కుతిననివ్వడు అంటే ఇదే.,1
tc rate penchadam kadu...udyamalu cheyakunda... employees kastapadithe development avutundi...,0
హీరో మెటీరియల్ జానీ అన్న నువ్వు,1
ఈ పాట ఎంత మంది కి నచ్చింది,1
​pora howley,0
ప్రభుదేవా డాన్స్ మాస్టర్ అంటే డాన్స్ అదిరిపోద్ది,1
"బూతులు, మితిమీరిన శృంగారం, విపరీతమైన హింస లేకుండా సినిమా చెయ్యలేని వాళ్ళు ఇది చూసి నేర్చుకోవాలి దయచేసి.",1
kodali nani jagan sanka Baga nakeshadu,0
It's not about giving money It's about giving satisfaction to viewers and spreading humanity,0
Ambedkar gari gopathanam gurinchi chepaka ne carector nachindhi mallana good,1
మీ లాంటి వాడిని మోసం చేస్తే వాడు ఎప్పటికి పైకి రాడు సార్,1
Roja lanj...donga mund.,0
దీనికీ కారణం ముస్లిముల మత ఉన్మాదం,0
ఎవరు ఈవిడ ఒక ఫుల్ కొట్టి వచ్చినట్లు ఉంది,0
Yadhava ni yadhava laage treat chesthaaaru,0
Match chudaniki vasthunam ani cheppu bro,1
Devuda intha hight undi ee ratham,1
basavaraj oka daridurudu hindu ante challu vadu rapist ayina parle vadithine kapuran chestharu,0
"Thumbnail marchuko bro ayana CI,SI kaadhu me veiws kosam edhanna pedtharu",0
gudda lo rod dimuptha,0
కామెడీ తక్కువ బూతులు ఎక్కువ ,0
మనం ఎక్కడ నుంచి వచ్చామో దాన్ని మర్చిపోయ్యే వాళ్ళు ఉన్నా ఈరోజుల్లో ఎంత ఎదిగినా వొదిగే ఉండాలి అన్నా మి simply sity కి నా ,1
ఛీ దీనమ్మ ఎందుకు రా వీడు,0
Em confident sir movie eeroju chusa meeru movie gurinchi cheppindhi chala thakkuva sir movie extraordinary ga undh ,1
Mundhu nuv e cinemala gurinchi apu ayya... Nduku niku respect ivaniki radhu.. m radhu,1
సార్ సజ్జనర్ సార్ మీరు ఎక్కడ ఉన్నారు పోలీసులు డబ్బున్న రాజకీయ నాయకుల కొడుకులను ఎన్కౌంటర్ చేస్తే రాష్ట్ర ప్రజలు ఫ్రెండ్లీ పోలీసులను చూడాలనుకుంటున్నారు,1
మేడమ్ మీలాంటి వారు ఈ సొసైటీకి కావాలి.,1
Pulihora raja gadu.. appudu choosina ladies tho pulihora kaluputhu untadi.. niku vere pani leda .. anni overaction video lu chestadu ..,0
మీది ఈస్ట్ గోదావరి జిల్లా అంకుంట రాజమౌళి గారు,1
ee manishi nirupinchadhu thanu andari entarin cheyaladhu emi bothulu vadakundha,1
మంచు కుటుంబం తెలుగు ప్రజకి దేవుడు ఇచ్చిన గొప్ప వరం.,1
Down To Earth Man Rosaiah Garu,1
"మంచు కుటుంబం తెలుగు ప్రజకి దేవుడు ఇచ్చిన గొప్ప వరం.
తప్పదు, భరించాల్సిందే0",1
Mukuu neelaku raayi raja,0
ఈ షో కేవలం ఇప్పటివరకు బాలయ్యకోసం చూసాము కానీ మొదటిసారిగా ప్రభాస్ కోసం ఎంత మంది ఎదురు చూస్తున్నారు️.............,1
Dharani badha padthunte naku nachatle e videos vdu,1
సిద్దార్థ్ రెడ్డి అన్న మాట్లాడితే పులి పంజా విసిరింట్టు ...ఉంటుంది .....జై సిద్దార్థ్ రెడ్డి అన్న,1
చాలా బాగా మంచిగా  మాట్లాడరు హరికృష్ణ  గారూ.. CM గా  వచ్చింటే  బాగా ఉండేది.,1
warner ni retain cheyakapote srh managament gudda pagilipoddi,1
Nuv matladina  waste ra,0
ఆహా ఏవీ ఆరోజులు ఈకామేడీ చూసీ ఎన్నాళ్ళు అయినదో,1
Papam erry flower ayipoindu,0
Eee generation ki…Mee value telidhu Sir…,1
Pawala Pichi Kukka...Biscuits kosam vachindoiiii,0
Ilaa sollu cheppi kaanichestunnadu..,0
"అమిర్ ఖాన్, మునవర్ గాడి కి చెప్పండి అన్న....
మాకు మనోభావాలు ఉంటాయి.. నూపూర్ శర్మ, రాజాసింగ్ గారే మాకు దేవుళ్ళు గా కనిపిస్తారు.....",1
నువ్వు బాగా బలిసి కొట్టుకుంటున్నవు రోజా,0
అక్కడ సామాన్య ప్రజలు చెప్పేదే కరెక్ట్ ఒపీనియన్. ,1
arey shankar nuvu=vu attupoku gadivi,0
నిఖిల్ గారికి 100% ఆయన అభిమానులతో పాటు పవన్ కళ్యాణ్ గారి అభిమానులు కూడా తోడుగా ఉన్నారు  జై పవర్ స్టార్,1
కామెడీ సింగర్స్ ఈ విధంగా వాళ్లకు ఒక గుర్తింపు వచ్చింది,1
డ్యూటీ లో ఉండి ఒక అబ్బాయి అలా చేస్తే వాడు జాబు తీసేస్తారు అక్కడ అమ్మాయి కాబట్టి ఏమీ అనడం లేదు,0
Man vericocile vunnavallaki kuda count peruguthunda,1
హేయ్ feroz Bhai...seetha రాముణ్ణి అన్నపుడు నువ్వు వీడియో పెట్టలేదు ..అపుడు maatldaledhu,1
మీరు ఇండియా ను గౌరవించడం మంచిది.జై శ్రీరాం,1
Upendra cinema lo hero character RGV Real Character Same to same,1
సార్ పాల్ గారు చాలా మంచి వ్యక్తి పదిమందికి మంచి చేసే వ్యక్తి సార్,1
Ee sari Nennu ne boss ni chayputho kodataru plz hold til 2024,0
నేను ముస్లిం అయ్ నా కూడ..... నాకు మహా భారతం అంటే చాలా ఇష్టం,1
Nee goddha bahundhi nannu estava ,0
చాలా బాగా చెప్పారు గురువుగారు. గొప్ప నాయకుడు పరిటాల రవన్న.   జోహార్ రవన్న.,1
Nivedha gurinchi matladam marichipoyi thanni chusi gurthukochi Mike kosam vethukadu.....aa time lo.......dhaniki kullutharendhira,1
అన్ని ఉచితంగా అమ్మబడే లౌడాబడి అనుకుంట అన్ని ఉచితంగా చేస్తానని అప్పులపాలు చేశాడు రాష్ట్రాన్ని,1
పడుతున్న సన్నాసులకి మీకు ఇంత ఏజ్ వచ్చింది కదా మీ అమ్మ కూడా అంటే కదా,0
Vacharuu thikdhi thikkoduu,0
ఇప్పుడు ఈయన అందరికీ ట్రాఫిక్ సిగ్నల్స్ గురించి చాలా చక్కగా పాటం చెప్పగలదు ఎందుకంటే గొప్ప గుణపాఠం ని కళ్ళారా వీక్షించారు కాబట్టి,1
Trs ku ammdu poyinara Shankar ga Jaffa,0
"Kohli mundu aata kante attitude meeda focus cheyyali, greedy fellow. Vadito manchi ga vunte team lo chance istadu.",0
జై జై మా హిందువుల పులిబిడ్డ రాజాసింగ్ అన్నగారు జైశ్రీరామ్,1
బైరెడ్డి సిద్దార్థరెడ్డి అన్న హీరో,1
గ్రేట్ women,1
ఈ అనిల్ గాడు జగన్ కోసం వాళ్ళ ఫ్యామిలీ కోసమే జనాలకి మాత్రం అన్యాయం జరిగితే పట్టించుకోరు అన్నమాట,0
ఇండియాలో బెస్ట్ లీడర్ కె ఏ పాల్ ఆయన మాటల్లోనే ఉంది నిజాయితీ జై కె ఏ పాల్,1
Samantha acting and fights excellent and superb ga undhi second half e superb ,1
ఎందులో పెడుతున్నావ్ రా వేలు,0
E pichakuntla comments ndhk ra acting super chesadu.. director falt ani clear ga kanpistuntea..,0
Niku sambhamdam leda anduke ni shavam kuda dorakakunda chesadu god,0
మా అడ్డపిల్లలు కి నీ చూసే అదృష్టం ఉండదు కాబట్టి ఇలా చూసినందుకు ధన్యవాదాలు తెలుపుకుంటున్నాను.....,1
Meru super mee matala chala chala navu vastundi sir,1
Na ears lonundi blood leak ayindhi lanjalu kompa lo dialogue vini,0
సంస్కారవంతమైన భాష సంస్కారం లేని భాష ఈ రెండు  ప్రజలు గమనిస్తున్నారు రాజకీయంలో ఉన్న ఎవరైనా వారు మాట్లాడుతూ తీరు పైన ఉంటుంది వారి భవిష్యత్తు ఇలా బూతులు మాట్లాడే వైసిపి తరపున వకాల్తా మీ కైనా సిగ్గు అనిపిస్తే లేదా పార్టీ నుంచి ఒక మంచి సంస్కారవంతులు మేధావులు ఉన్నారు వారి ని పెట్టుకోండి రా వీరిని చూస్తుంటే ఒక మేలుజాతి గేదె మరియు ఒక కంచర గాడిదను చూసినట్లు ఉంది,1
Roja gaaru వారం పది రోజుల కు జగన్ వి క్లీన్ చేసే పని మీదే అనుకుంటా,0
absconding ....nayeem and madhav reddy relation gurinchi prathi mata fake cheputhunnadu... telusu kani abadham  cheputhunnadu...,0
Ammai heroine la try chesthe bagundu super undi,1
"Don't compare it with powerstar, veedi laga chetha character lu, chillar gadi character lu cheyadu ma Power star, vaadu thaginchukunte manchidhi",0
మీ అమ్మగారి వయసు ఉంటుంది ఆవిడకు,0
"Ikkada kontha mandi Paytm langas aduguthunna questions 
Mari vaalani stars chesamu ga 
Orey erripuvvu Lara Star chesthe Assembly Kelli bill pass cheyagalara , poni central gov nunchi nidhulu theppibchagalara 
Teacher vudyog ichi case lu isthamante chala daridranga vuntadi",0
"Bokka spritual, ela champukkunnte years baby",0
అందాలు అన్ని ఈ సాంగ్ లోనే చుపించేస్తే ఇంక సినిమా లో ఏం చూపిస్తావు. బావరకప్పు మొహం దాన,0
desanni janabha bharinumdi raximchamdi mahaprebho.yidimodigarike sadhyapadutumdi.,1
Maadi Andhara Guntur ......naa Aveda telangana KHAMMAM .....I'm Telugu peoples....JAI TELUGU,1
"Andhuke dhula Baga thirindhi  ,annaaaa",0
Idhi matram correct bro ayana gelavadam maki avasaram simple ga cheppalante.....nijanga ayana dabbulu sampadhinchalante yearly 100 crores cinemallone easyga earn cheyagaladu.....yevadiki dabbulu longalsina avasaram ledhu....,1
sara ali khan barre gontu besukoni ariste barre dengunatu sound vastahdhi,0
మినిస్టర్ అధికార పార్టీ నువ్వు రేవంత్ రెడ్డి కి భయపడడం ఏందీ మల్ల రెడ్డి,1
కనీసం మీడియా ముందుకు వచ్చి ఒక ప్రెస్ మీట్ కూడా పెట్టలేని వాడు ఈ పావలా.,1
okati yeppudu yevarini takkuva chesi matladakudadhu ... prethi okkaru prjalake Pani cheyyali kabatti vallu yentha varuku. Pani chestunnaru Ani alochinchiste manchidhi,1
Sollu vagadam ee sollu brothers komatireddy rajagopal garu nd co bro alavatu....! KTR very dynamic nd briliiant leader in India,0
తెలుగు తేజం ఇలాంటి మెడల్స్ . ఇంకా తీసుకొని రావాలని కోరుకుంటున్నాము,1
Boycott Bollywood (pakwood) beef Eater pichhwada sungher boycott brahmaastra ,0
nikanna kukkaha leru,0
జై కోమటిరెడ్డి రాజగోపాల్ రెడ్డి,1
Guvva Balupu bagundhe niku,0
Adhi nuv ekkuvachaiku ra kojja,0
NA MODDALA mallanna,0
ఎంపీ గారి ఫోన్ హ్యాండ్ ఓవర్ చేసుకొని ఫోరెన్సిక్ ల్యాబ్ కి పంపాలి,1
Nuv chesthe cinema appadam aithadi saaar,0
Nenu oka NTR fan ga chepthuna heart touchesaru sir mee speech tho hats off sir,1
mana deshamlo  babu gogineni gaaru lanti valu chalakavali,1
Thanks talli... Koncham naalika mandam laaga undhi.,0
Deepika kanna rashmi ye baguntundi,0
alente ki age అవసరం లేదు అని మళ్లీ నిరూపించావ్ ,1
ఎక్సలెంట్ స్పీచ్ బ్రో చక్కగా వివరించారు జై జనసేన,1
Norumuyyura pavala,0
ఏం అనుకుంటున్నావు అంకార్....రగన్న ఉప్పు కారం తింటలేడు అనుకున్నావా,0
పోయేకాలం దగ్గరికి వస్తే అలాగే మాట్లాడుతారు మాట్లాడండి,0
నిజంగా️ సూపర్ గా చేశావ్,1
శివ గారు మీకున్న ఓపికకి నిజంగా హ్యాట్సాఫ్…,0
Idira pual power anty ippudina telusukondra,1
దీనెమ్మ జీవితం నా చిన్నప్పుడు సంది దీని ఓవర్ యాక్షన్ చూడలేక చీదరి ఐతుండే తూ,0
ఇలాంటి అభిమానులు ఒక్క పవన్ కల్యాణ్ గారికి మాత్రమే ఉంటారు,1
నీ లాంటి లీడర్ నీ నా 27 years లో ఎవర్ని చూడలేదు బయ్యా true leader ,1
Bjp పెట్రోల్ 500 LPG 5000 disel 400 pakka,1
 Nuvvu dorikithe than thantharu pattukoni evariki kanabadaku ,1
ఆమ్మో పాపా చాలా స్పీడ్ మీద ఉంది. కుర్రాళ్లకు పోయేకాలం వచ్చింది,1
మంగ్లీ మేడం గొంతులో ఏ పాటైనా అత్యంత మధురం ఎంత ఎంజాయ్ చేస్తూ పాడుతుందో. ,1
rohith bondam gadu ballu anni dengesadu vadi valle match poyindhi,0
ఏ హీరో అయినా పాటలో dance చెయ్యొచ్చు kani NTR నటిస్తాడు కాదు..... జీవిస్తాడు అని రుజువు అయింది,0
Power ni misuse cheyani leader Dayakar rao garu,1
రాజు గారి కి చాలా సరదాగా ఉంది,1
నిజంగానే ఈ పాప తొడ చాలా చాలా బాగుంది,0
Chinna vishayanni rajyantham chesthaventi. Manchi news collect  cheyyi nuvvu,1
Vaalla chetilo vunnadi atyunnata vyavasta . Veellu asale brokers . Inka vadakam ela vuntundo chuseru ga,0
"Sarpanchulu, corporator lu kadhu vallu lakshalu kottlu nokkeseki. Volunteers, respect ivvatam nerchukondi MLA",0
Asalu nuvu kothavallani baga support chestavu anna ni movies baga adali,1
"హరికథలు, బుర్రకథలు చెబుతాను అని వచ్చి  ఎంత పనిచేసేవు....",0
ఈ సినిమా మంచి విజయం సాధించాలని కోరుకుంటున్నాను,1
rahul gandhi and lokesh pappu vallu,0
migilina sangam dengapettindhi nepo kids inka sallu bhai,0
Evari Cheppulu moyataniki prajalu ninnu gelipinchaledu.... Bandi..,0
సిగ్గుండాలి అబద్దాలు చెప్పడానికి ఫాల్తూ ఛానల్,0
చిరంజీవి గారు మనసులో ఏం పెట్టుకోకుండా అంత మంచిగా మాట్లాడిండు..........నీకు ---------- కొవ్వు ఎక్కువ అందుకని ఇట్లా మాట్లాడుతున్నావ్,0
పవన్కళ్యాణ్ గారి నవ్వు లో నీతి నిజాయితీ ఉంటుంది..,1
I am bachelor anna ..oil ..petrol..chusthe bayam ga undi,1
గుద్దా మూసుకొని కాలేజ్ కి వెళ్ళు రా ఎందుకు పనికి రాకుండా పోతవ ఏర్రి పుకూ అయేతవు.,0
చాలా అద్భుతంగా పాడారు బ్రదర్ మీరు పాడుతుంటే ఎంత అద్భుతంగా ఉందో మాటల్లో చెప్పలేనంతగా ఉంది,1
నీ అభిమాని అని చెప్పుకోవడానికి మాకు గర్వంగా ఉంది అన్నయ్య I love you annayya,1
Vadu dhenikey fill avadu rooo vadu em cheputhadoo adinikey nuvvu fill avalku,0
TRS donga party,0
420jagangadu povali pawankalyangaru CM khavali rastam bagupaddali jai janasena jai pawankalyan,1
మా విజయ్ అన్న గురించి తప్పుగా చెప్తే reaction ఇలానే ఉంటుంది అనసూయ aunty...... ,1
Vadu bochu kuda Ledu pk laga…miru mi lawdalo overaction,0
"Andhra lo Roads veyandi babu koncham. Accidents avthunnai, Vehicles anni damage avthunnai.. Krishna and West Godavari Roads aithey mari worst",0
Ahh bongule,0
RGV తండ్రికి కండోమ్ వాడుట తెలువదో లేక అప్పుడు కండోమ్ లేదో అందుకే ఇ నా .............. పుట్టాడు,0
మూవీ చాలా భాగుంధీ wow ప్రతి హిందువు తప్పక చూడాల్సిన మూవీ ఇది,1
Deeni ki samma ga vundi,0
Yevaremanukunna..... CBN gaaru valuable person......,1
తెలుగు సినిమా కీ ప్రపంచ వ్యాప్తంగా పేరు రావడానికి KCR KTR కారణమా...ఈ ఒక్కటే చాలు లేచి Pocketలో చేతులు పెట్టుకొని.....,1
Orey black mamba ga vallani pedda stars ni chesam ....niyabba entha kulapichi vunntey ela matladathava,0
"నిజంగా సూపర్ , పుణ్యాత్ముడు , ఇలాంటి చావు రావాలని అంటే ఎంతో పుణ్యం , అదృష్టం ఉండాలి అని నా భావన",1
Reel Life lo jaruguthay anukunnam రియల్ లైఫ్ కుడా జరుగుతాయని ఎప్పుడు తెలిసిందే సూపర్,1
Malli thintanu antadu chusava adhi comedy,1
పావలా గాడు కావాలని రావడం తర్వాత గొడవలు సుస్టించడం వెల్లిపోవడం,1
ఇ లవ్ యు అను అక్క,1
"Nenu deshanni, nuvvu telanganani shanka nakinchu antunnadu",0
BJP ni lepindi KCR and TRS. Ippudu BJP ante ento TRS ki ardam aindi BJP ki chance isthe TRS ne mingesthundi ani,1
KCR Vi Anni Commission Padhakaale. Kaaleswaram Praject KCR Ku ATM. Kaaleswaram Praject Etthipothala Padhakam Kaadhu Thippipothala Padhakam  Raithu Bandhu Raabandhula Bandhu Vandhala Ekaraalu Unnavaariki Raithu Bandhu Esthunnaadu KCR,1
edhe meeru ruling party valani target chesunte  ani media channels vache valu...,1
"RGV తో కలిసి wine,vodka,rum ఇంకా చాలానే చేస్తుంది bro",0
Magadiki aada vesham vesinattundhi Srija. Aa maathranike pelli meedha pelli siggundali.,0
Erripukulu,0
vijay shankar anna 3d anna enti anna na lavadio batting modalo feilding inka no ball eesidenagtuavu nuvvi 3d enti,0
2022 నందమూరి నామ సంవత్సరం జై ఎన్టీఆర్ జై కళ్యాణ్ రామ్ జై బాలయ్య,1
NTR గారిని అమిత్ షా గారు కలిస్తే RK గారికి ఎక్కడో కాలినట్టుంది...,0
Nduk bro holidays manam thiskuntam ka elago,1
Trolls chese vallaki pandage e video tho,1
"Ippudu ee vedio choostey, pichha comedy ga untundhi,,,comedy cheddam anukoni comedy aipoyava narsiredyyy,,,,yadaki poyavayyaa",0
Deeniki doolekkuva kovvu baga patti unnadi,0
భారతదేశం గర్వించదగ్గ నటుడు ఎన్టీఆర్ అన్న కొమరం భీమ్,1
Ananya baaga kathal padthundu enthaina Bollywood kada,0
janalaku asha chupi calls marananiki karànam,0
RGV గారు మంచి క్లారిటీ గ ఉన్నారు తేర వెనక  ప్రతిఒక్కరూ చేసేపని ఈయన తేర ముందు చేస్తున్నారు అంతే,1
Motham cinema podaniki ne over action matala Valle kondanna,0
ఎంత క్లారిటీగా ఇంత వివరంగా చెప్పేవాడు ఎవరూ లేరు .100% కరెక్ట్ గా చెప్పారు,1
Dress ni chusukunnatuga kasta phone ni kuda chuskovali kada amma ,1
Puku Badhalaipodhi Lanja dhana,0
Cheppindi chalu denge bokka,0
Karma ra Swami,0
Ore ali inta asahyamga matladutaav adavallatho double meaning dialogues matladutav nuvvu MLA ayyi emi peekutav,0
"Siggu, neethi leni",0
pakistani fans meru erri pukulu ayyaru naku adhi challu,0
Pakka salaar release 28 sep key prashant neel ss Rajamouli RRR key bayapadaley viniki bayapadutada na lowda,0
Same to same డిస్కో శాంతి...లెక్కున్నావ్....keep it up....,1
Okka party lo unte neevu correct.change aite ilane untundi,0
గీత గారు ఈ ఒక్క ఇంటర్వ్యూ తో మీకు diehard ఫ్యాన్ అయిపోయ,1
vadini asla remove cheshi dengali cm nundhi,0
నువ్వు ఏదో ఒక రోజు 10లక్షల క్లబ్ లో ఖచ్చితంగా చేరుతావు అన్నా....చేరుతావ్…,1
Votes vesi gelipinchukoni...Visham Taaguthunnaru ap people,0
నాయకురాలు సినిమా నుండి నేను నాగబాబు అభిమానిని. మెగా బ్రదర్స్ అంటే చాలా ఇష్టం. గొప్ప అన్నదమ్ములు,1
Arey evaru ra meru antha thu m manashulu ra meru edhi comedy show na inka em ayna show na,0
YCHEEPI goondalaki Bhayam start ayyindi edavalu ki,0
Niyamtruthva leaders time konni rojule.,1
kcr gaaru meeku vunna dhairyam lo 1% aina AP CM ki vunte bagunde,1
RC koncham height unte bagundu,0
Jai Jagan verevallaku avakasam iste marala AP reddoche modalette AP develop kavatam kastam,1
జైభీమ్ ముస్లింలకు మద్దతీవ్వడమంటే అంబేద్కర్ గారిని అంబేద్కర్ గారు వ్రాసిన రాజ్యాంగన్ని అవమానిచ్చినట్టే,0
కొట్టకుండా ఇంతసేపు మాట్లాడిన యాంకర్ కి నమస్కారాలు... చూసిన మనకి పిచ్చి  పరాకాష్ట ,0
రమణ గారు మీ పర్ఫామెన్స్ చాలా బాగుంది,1
Arjun Reddy slang masthu undhi ,1
""" MAA"" president ga gelipiste yedo peekutanu annadu yemi peekaadu ...yedyna cheyalante manchi manasu vundali megastar chesinavi chudandi ..apdbaandhavudu ..andarivadu..annayya ..jai chiranjeevi..andariki mere """" GOD FATHER """"",0
Amma correct Ga cheppaavu mi koduku antha donga ippudaina nammu talli ,0
Edi kanna sampurnesh babu melu kadha ra babu expression baaga esthadu edu mv motham okatey expression,0
ఎందుకు ఇద్దరు బెడ్ రూం కి పోండి మొత్తం విప్పేసి చూడు బాగుంటది,0
KTR matladedi kanisam ardam chesukune brain leni vallu kuda ktr anadame. Next election ki same place nunchi Poti chesi deposit techukunte chalu.,0
langota gadu vadu valle desham anta covid vachindhi,0
Satya over action ekuva aindhi arjun paina. Papam vadi affection kuda content laga thisukundhi,0
"Arey ysr garu Mee కిరాతక కుమారుడు jaggu హస్తం 100 పర్సెంట్ ఉంది. సీన్ అయిపోయింది immediately Bangalore jump అండ్ అక్కడ సెక్యూరిటీ  సిబ్బంది హడావిడి కూడా జరిగింది అంతా afternoon 2-30 pm to 4-45pm Kalla bellary nundi escape ani telusu. Akkada aa హడావిడి situation lo కొందరు  jaggu body guards and securities హఠాత్తుగా , కంగారుగా అక్కడి ట్రాఫిక్ లో struck aie , chala problem tho duty ki reach అయ్యారంట.",0
Meeru ee subject lo god sir. Maaku ee subject lo meeru cheppinantha correct clear solution evaru leru,1
Karuvulo vunadu,0
owasi gah nuvvu gudda mosuko nuvvu ha nupur desham malla 1947 loki poyindhi #kill owasi @rapenupur,0
Anna nv janasena lo join antha.... AP lo Next level untad,1
దయకర్ కు respect తెలీయదు. సారు సదివింది 3rd class. ఎదో time కలిసి వచ్చి ఇలా politics లో ఉన్నాడు కాని లేదంటే ration dukanam నడిపిస్తు ఉండెవాడు,0
Moddaguduv,0
అన్నయ్య పేరు వింటే గూస్ బమ్స్ వస్తాయ్,1
Jagan meeda jaganke visvasam ledu anduke ea loffer panulu,0
Vine vallani batti cheppochu RGV ki entha respect istharo vallu,1
పాపం అతను ఒక ఉద్యోగి అతను సాక్షి దినపత్రిక ఓనర్ కాదు.. అతన్ని పట్టుకొని ఎందుకురా నీకు,1
"Janasena vallaki subject ledu, ye debate aina okate note",1
ప్రజల సొమ్ము మొత్తం ఇలానే తింటున్నారు మిరు,0
samantha anni   lanja kathalu dengutahdhi dani namakodahu,0
Meeku governer post ivvadame waste,0
మోడి తల వంచుతాము అని మోడి ముందు తల వంచి విన్నపం చేస్తున్నాడు జగన్,1
నిన్ను కోల్పోవడం మా దురదృష్టం. మా పేదల హృదయంలో ఎప్పటికి ,1
ఇన్ని రోజులు ఏదో మూలాన సందేహం ఉండే పాల్ గారు పిచ్చోడా అని కానీ ఇప్పుడు కన్ఫర్మ్ అయింది నాకు ,0
CBN sir ap kosam meeru ipudu manchi decision thesukunnaru,1
Neelaga andaru Allo chinchali anna,1
మాలా విసర్జన చేస్తున్నారని ఏడుస్తుంది కధా పాప అయ్యప్ప అంటే ఒక వెసనం ఒక సారి మాల వేసుకుంటే ఇక ఆగలేము తీసేటప్పుడు నేను ఏడుస్తాను,1
జై కోమటి రెడ్డి బ్రదర్స్,1
నీ నోరు పడిపోయి ... నువ్వు నోరు మూసుకుంటే ... దేశానికి చాలా ఉపయోగం ... దేశానికి ... ఇంకాలాభం,0
మీరు నిజంగా సూపర్ సార్ మీరు మాట్లాడేది ఏదయినా Exlnt,1
Ee Series Mana FilmyMoji Channel Lo Best Series avalani Korukuntuna,1
veeni cm ananaloo leka pothey vp analoo artham kavadam ledhu,0
మీరు కామన్ మ్యాన్ గా ఉనాపుడే ఇంత జనం అదే సీఎం,1
Style ga unav anna,1
Movie  block buster Mass jathara bomma daddarillipoyindi in theatres super dooper hit,1
మొన్న చుస్తే కర్రీ పిల్ల లా ఉంది ఇప్పుడు తొడలకి మేకప్ వేసింది అనుకుంట,0
ఈ వీడియో వాళ్ళ లవర్ చూస్తే వాళ్ళ లవర్ మైండ్ పోతుంది.,0
Bro ni slang ee neeku plus point ...... Manchi humour undi neelo.... Elane regular ga videos chestu undu .... 100k pakka...,1
"rip mahesh garu, కనీస పరిజ్ఞానం ఉన్నవాళ్లకు కూడా అర్థమయ్యేలా చెప్పారు. అర్ధం కానివారికి భగవంతుడు జ్ఞానం ఇవ్వాలి అనికోరుకుంటున్నాను. వాస్తవాలను అంగీకరించినప్పుడే తప్పులను సరిచేసుకోగలం.",1
"హర్ష సాయి ఫ్యాన్స్ ఎంతమంది ఉన్నారు ఇక్కడ,. A man with golden heart",1
Aunty Anushaya make up esthe aunty laga vunnavu make up esukokapothe grandma laga vuntavu,0
Babu aambotu ramubabu garu maru matladevi enti ainaa meekanna unmadulu evarunnaru netho padhi mandi daka untaru malli chupinchu antaru enti,0
Andaru ide Panlo unnattunnaru veellu vammmo meeru rechagodithe rechiporu meeplans panikirav pondi,0
Big boss lo he felt lonely...a emotion lo siri ne hug cheskunadu..not with bad intention...hope Deepthi understands him..his smile nd eyes both r filled with pain...,1
ఆరెంజ్ సూపర్ మూవీ ..ఈ..రోజులో...సూపర్ హిట్ అయ్యేది...నాకు..చాల ఇష్టం..ఆరెంజ్ మూవీ,1
Dilraj pani aiepoedi enka selav enka anni rojulu bye bye Ankul ,0
"గెటప్ శ్రీను అన్న యమధర్మ రాజు పాత్రలో కామెడీ అదరగొట్టారు  ఇమ్ము- వర్ష, ప్రవీణ్- ఫైమా, రాకేష్- సుజాత గార్ల లవ్ ట్రాక్ నిజమని ఎంత మంది అనుకుంటున్నారు",1
pichi puku  kukka na meddha nunchi leyi,1
తండ్రి కొడుకు గురించి చెప్పకపోతే ఎవరు చెప్తారు? తప్పు లేదు. సహజం. పుత్రోత్సాహం తండ్రికి,1
Ra nenu pedutha ekkada kavalante akkada ,0
పూర్తిగా విన్నారా...అయన స్పీచ్ లో ఎక్కడైనా 3 రాజధానులు మాట ఉందా... మీ పచ్చ రంగు పోదు,0
Kcr na madda chesindu rs,0
ఒక Negative comment చేయడానికి కూడా ఆలోచించాల్సిన సినిమా చేశారు . Youth అంటే మీరు కదరా..,1
Na guruv gariki padabhi vandananalu,1
పేద బిడ్డల కోసం చేస్తున్న మీరు చేస్తున్న కృషి అభనందనీయం.,1
చేసిన తప్పు కీ పశ్చాత్తాపం పడేవాడిని దేవుడు కచ్చితంగా  క్షమిస్తాడు,1
యాంకర్ ఏంటి బయ్యా ఎక్సపోసింగ్,0
టీడీపీ కార్యకర్తలు అందరూ మన ఈ ఛానెల్ ను Subscribe చెయ్యండి,1
"రోజా భాష వల్గర్ భాష,",0
మీరు ఇలాగే ప్రశాంతంగా రాజకీయాలు చెయ్యండి అన్నా,1
Sound thaginchi chudala Thu dinamma yemundhira dintlo lanja la undi,0
chaalu poyi paduko ekka,0
అదృష్ట వంతులు..... ఎంజాయ్ బ్రదర్స్....,1
తాడేపల్లి పిల్లి. ఇంత పిరికి పందలు రాయలసీమలో ఎట్టా పుట్టార్రా.,0
నిజంగా తెలంగాణ లో వేరు వేరు పార్టీ లో ఉన్నా ప్రతి నాయకుని మదిలో మనసులో తెలుగుదేశం పార్టీ స్థిర స్థాయి గా ఉన్నది ఉంటుంది,1
చాలా కష్టపడి ఈ స్టేజి కి వచ్చడు.,1
చాలా అదృష్టవంతుడు. మంచి వారికి అలానే చావు వస్తుందేమో,1
భాను అక్క రమణ అన్న సూపర్ సూపర్ సాంగ్స్ పాడుతున్నారు కదా అక్క,1
Last ki chepu mostunadu,0
తమరు చెప్పింది కరెక్ట్ గా పాటిస్తే ఏ సమస్యలు ఉండవు...అన్నగారు.   బాగా చెప్పారు కేతిరెడ్డి అన్నగారు,1
waste na kodaka athumukka post lu chesthunavu ra,0
Veedu eppatiki maradu.,0
em lanjakodukulu rs meeru,0
NTR గారి జీవిత చరిత్ర రాస్తా అని చెప్పి ఆయన జీవితాన్నే మార్చేసావ్ కదే తల్లి  Bad చాప్టర్ ఇన్ NTR లైఫ్.,0
దీనెమ్మ రోడ్డు మీద రేకు డబ్బా గీకితే వచ్చే వాయిస్,0
Thanq shankaranna praveen anna ki screen ichinanduku happy to see you both,1
"గరికపాటి వారు  హిందూ ధర్మం యొక్క గొప్పతనం చెప్పినందుకు మా ధన్యవాదాలు
 హరే కృష్ణ ",1
Macha ki boothulu vachu kani ladies mundu vaddu anta,1
నీకు మందు కావాలా బీరు కావాలా నీకు పార్టీ ఎందుకు రాజకీయాలు పనికిరలేరు మాటలు నేర్చుకుంటే బాగుంటుంది,0
డబ్బు పోతే తిరుగు సంపాదించుకోవచ్చు కానీ ప్రాణం పోతే తిరిగి సంపాదించింది కొంచెం జాగ్రత్తగా డ్రైవ్ చేయండి,1
Lanja la kompa Yemo edi na lavda la joka edi ,0
Nv enjoy chestu bale padavu,1
​Jai Anitha Akka Jai TDP Jai Telugu Desam Jai Lokesh Jai TDP,1
raja singh ki em pani pata ledha eppudu langa kathalu dengutharu paata nachaka potey gudda moskoni dengey ekkdada nunchi,0
vidiki emina teliste kada em undo chepadaniki pm ki chetulu kattukoni kurcho ra,0
Sir Meru elanti varitho interview cheyaddu,0
"Auto vallu, volunteer meda kadu . 1st roads drainage etc choodu",0
Ni batuku yente,0
rey delete cheyi lawde,0
Bandla garu miru cheppindhi correct ithe condom ni 10k petti kontava dhenikaina oka limit untadhi bandla garu,0
Mahanu baava ela kannavayya ee Basmasurani,0
కూటి కోసం కోటి విద్యలు,1
"Ayyo anuksha seeti ki,krthi setti ki shoulder down undhi,,,",0
Waste gaadu jagan ..  ma dabbulu అనవసరం గా కర్చు చేస్తున్నాడు,0
"England match gelichindi virat,sky and hardik hrudayalu gelicharu anthe",1
నిత్యానంద బాబా లెక్క ...జగన్ బాబా ఆశ్రమం ఒకటి పెట్టుకుంటే రోజూ మంచి మంచి ఆశీర్వాదాలు తీసుకోవచ్చు మీరు,0
Are vidu 90 ML thagi vachindo ,1
సమాజంలో... ఒక మనిషి ఎక్కడికైనా వెళ్లొచ్చు కదా ....ఆ మాత్రం తెలియని వారందరూ... చట్ట సభలలో ఉన్నారు... మన ఖర్మ,0
Johar ravanna Ilanti lavada politics ki meelanti powerful leaders asalu unte ... Okkokadu darilo undevadu,0
Edu oka suligadu Jai mallanna,0
Balayya devudu,1
కలి కాలం లో ఇలాంటి వి జరగడం మాములు పోయేకాలం వీడియో గురించి డ్రెస్ ఖర్చు కి బదులు,0
antha lnja ananya inka sulli legaleni karan johar valla,0
ఎదో వొక్క character చేయకపోతే శ్రీదేవి గారి విలువ తగ్గిపోదు.,1
Manoj okkade odd man out in manchi family ,0
సంస్థలు అమ్మినవ,0
 నిన్ను కూడా ఎవరు నమ్మరు . మీ నాయకుడు గురించి కూడ నమ్మకం లేదు,0
లెజెండ్ రాజగోపాల్ రెడ్డి కల్ముషం లేని వ్యక్తి చాలా సింపుల్ మనిషి,1
Pora howle gah ekkkada nunchi mingey,0
సూపర్ సార్ చాలా సంతోషం ఆయన గురించి మాట్లాడినందుకు ఒక మంచి వ్యక్తి రావు గోపాల్ రావు గారు,1
తెలుగు పరిశ్రమకు ఉన్న మంచి నటుల్లో జీవా గారు ఒకరు....,1
bokkkaaa la vundi...yedooo anukoni youtube lo velli mari chussaaa,0
మీ ఇద్దరి తెలివి కలుపుతె కూడా ఆయన తెలివిలొ వెయ్యొబాగమ్ కూదలేదు. ఆయనను కామెంట్ చేసి అర్హత  లేదు.,0
Yendhuku navuthunav ra yadhava sachinoda,0
అన్న ఈ వీడియో మమ్మల్ని చాలా   ఎంటర్టైన్ చేసింది కానీ కొత్త వాళ్ళని సపోర్ట్ చేయండి అన్న ఫస్ట్ మూవీ లో అల్లు అర్జున్ ఎలా ఉన్నాడో మనకి తెలుసు ఇప్పుడు పుష్ప లో ఎలా ఉన్నాడో మనకి తెలుసు  ఎందుకు అలా అన్న అర్ధం చేసుకోండి.,1
ఈ రోజు ముఖ్యమంత్రి గారు కూడా ఒప్పుకున్నారు.... సాక్షీ లో వచ్చేవి తప్పని....,1
అన్యాయమా ఆముదామా అవన్నీ చేతకాని వాళ్లు మాట్లాడే మాటలు ఇక్కడ బుర్ర ఉన్నోడు జుర్రుకుంటాడు,0
roja lanja blue films cheshukonedanvi nuvvu mp enti?,0
ఎక్కసాక్క పాపకి మాత్రం రెండు ఒకేసారి పెట్టాలి puku lo మంచి కసి మీద వుంది,0
modi ki muslim galu eppudo pelechi dengutaru,0
"Naarappa theatre lo vachedi unde
Motham kcpd untunde",1
Aa paata rojula record dance malla start ittayi,1
Ha bokkaley ...... Chivaridaka vuntey appudu cheppu,0
Ee principal ni studies lo use cheste upsc clear cheyagalam,1
దాదాపు 3 సంవత్సరాల నుండి ఎదురు చూస్తున్న నేను బైరెడ్డి సిద్దార్థ రెడ్డి అన్న ఇంటర్వ్యూ కోసం,1
నేను మెగా ఫ్యామిలీ అభిమానినీ ఎందుకో గాని అల్లు అర్జున్ అంటే నచ్చదు.,0
Oreyy babu inni rojulu prasantham ga unnam nu malli vachava chii neee edhava,0
Thengu kaani athi thengaaku love dalo dancer,0
ఆణిముత్యం అన్న నువ్వు ఎన్ని సార్లు చుసిన బోర్ కొట్టట్లే అస్సలు ,1
"​స్టీల్ ప్లాంట్, మరియు షిపయార్డ్ ప్రైవేట్ వెక్తులుకు, అమ్మటానికి వస్తున్నాడు.",0
"AVATAR ఒక అద్భుత ప్రపంచం. దీని డైరెక్టర్ James Cameron అంతకన్నా అద్భుతం. ఆయన ideas కి, creativity కి",1
పవిత్రతో పవిత్రభందం ప్రారంభించిన పవిత్రుడు నరేష్,1
ఎలాంటి అన్నీ వీడియోలు చేసిన కాగన్ ఇకా కూడా పికలేరు ,0
వెర్రి వెంగళప్ప మొకం ఇట్లనే ఉంటదేమో ఆ అందానికి ఆ ఫేస్ కట్ కి మనం ఇచ్చే వాల్యూ ఎంతండి,0
ఫ్యాక్షన్ చరిత్ర ఉన్నవాడిని ఎన్నుకొంటే ఇలాగే ఉంటుంది.,0
నేను నమ్మను. ఇదంతా సాధ్యం అయ్యే పని కాదు. నీ స్క్రిప్టు వర్క్ కి జోహార్లు రా నాయన. ఎంతో నమ్మసక్యంగ చెప్పావ్ సామి. ,1
Ma sudheer anna ekkadunte akkade navvulu,1
Dhini gudha pandhulu kukkalu gulliyya,0
సంతోషించదగ్గ మరియు గర్వించదగ్గ విషయం. ,1
Chachipothe pedakaram poyedhiga andhuku bathikavra,0
Vallu ias లు ela ayyaro maku doubt a..,0
jai cbn jt sr ntr nenu mi tdp supporter na pranam istha,1
Maa nagababu Garu is great person devudu eppudu meethone vuntaru sir,1
మాకు తెలుసు పవన్ అన్న అంటే ఏంటి యావడో మాటలు పట్టించుకోము జై జనసేన,0
Antha navvem raaledhu in fact chiraaku vachindi,0
Nijamga aadu annada.....veedu kurchoni sollu dhobbuthunnadu.....,0
అన్నం కొంచెం తింటాడు........కానీ ప్రజల రక్తం ఏకువ తాగుతాడు,0
nduku puttav ra Babu nuv Andhra Pradesh lo.. maa karma,0
Unexpected Song Asalu... Theater lo Chusaka Mind Poindhi Aapatti Nundi waiting Ee Video Song Kosam,1
iDream nagaraju interview with bandla ganesh tarvata anta level comedy interview ide malla. :),1
Johnny master a movie choreography chesthe aa movie lo signature step pan India avalsindhi,1
బ్లూ ఫిల్మ్ బ్యాచ్ మొత్తం యూట్యూబ్ లో దిగారు.. ఏంట్రా ఇది ,0
Idini gelipinchina voters nizamga medhavulu ,1
"Yendira nayana, yitla vundi.Power Star actions chusthunte goosebumps vasthunayi. India lo All records smash ayyela vunnayi.",1
Lanjakodukulu speed ga 150-200cc bikes nadipe valaki extra insurance kattali.,0
No 1 loafer. Jai TDP-Lokesh,0
"అన్న, కల్వకుంట్ల ఫామిలీ మొత్తం జైల్ పోతారు అని 15 నెలల నుండి వింటున్నాము..దయచేసి జైల్ పంపండి, లేకపోతే జైల్ అనే మాట ఎత్తకండి రెడ్డి గారు",0
టాలెంట్ ఉంది.. మంచి actress అనుకున్న... అర్బన్ నక్సల్ అని తెలిసింది,0
Chi maarandi e trolls chusaina public feeling telusukoni masalukondi,0
కృష్ణ గారు బ్రతకాలి.మా చిన్నప్పటి నుండి చూస్తున్నాం.ఎన్నో సినిమాలు ....,1
Chillara bokugallu,0
Aagandi KTR garu mundundi musalla pandaga,0
Kutha simpi para debgav,0
Sir nani koncham feel avvuthunaru sir,1
tyson: rey puri inko sari ni mokham choopistahe egiri egiri dengutha,0
కళ్యాణ్ అన్న మనస్పూర్తిగా నవ్వుతున్నారు.... అది చాలు... మా ఫ్యాన్స్ కి....,1
మనోడు వెంకీ  బ్యాచ్ ...JOB PAKKA,1
Kutha chimpi para dengavu ani ardam,0
మీరు లేరని నోటు ఎవరు తీర్చలేరు అన్న,1
లాస్ట్ లో సాంగ్ ఎంత మంది మిస్ అయ్యారు బ్రో,1
Super ఈ నిర్ణయం వలన బ్లాక్ మనీ పూర్తిగా అరికట్టవచ్చు,1
ఒక్క చిరుత పులి కోసం ఎంత మంది చూడండి.,1
Elections ki mundu enni Hamelin ichindi TRS avvani emayinayi nuvvu cheste chamatkar verevallu cheste balatkarannattu umdi,1
రాష్ట్రానికి నువ్వుండగా వేరే మృగం ఎందుకు బాబు,0
ఆల్రెడీ మీ మీద మీకే డౌట్ వచ్చేసింది. ,0
Aha atna son of India ki theater lo okkadaina unnadu ticket rate penchithe aa okkadu kooda undadu appudu house full kaadu house nill avvuddi,1
Annaiah Ani sarlu vinna vinnali anipistundi annaiah ni songs,1
అద్వానీ గారినీ పాటించుకోలేదు అంటే ఇగ ని పతనం మొదలైనట్టే అయన వాళ్ల పార్టి అంతా ఎదిగింది,1
మంచి మనసున్న మన కళ్యాణ్ రామ్ గారికి దక్కిన గొప్ప విజయం ఈ సినిమా,1
Clarity lakunda vastha Ela na vuntundhi..,1
Meeru cheppindi nijam chesaru hanu garu...aa nijaanni nen e roju theatre lo chusanu no mobile light was on during the movie time...kudos to u,1
Ne చదువు కు అదే ఎక్కువ,0
cinema dobbaka  aduku tinnanndi eddaru,0
సంయుక్త గారి యక్కటింగ్ సూపర్  సినిమా సూపర్ ,1
Neevu great anna...super,1
"Ur too intelligent sir, me interviews anni chustanu, yedho oka message istaru sir..",1
Mana paisal tovallu njoy chestunnaru mundu manaki buddiledu,0
"నాగబాబు సెలక్షన్ సూపర్, గల్లీ బాయ్స్ అదుర్స్",1
సూపర్ ఫాస్ట్ ప్రధాన మంత్రి గారు సూపర్ ఫాస్ట్,1
𝙰𝚝𝚝𝚎𝚗𝚍𝚎𝚗𝚌𝚎 𝚐𝚞𝚛𝚒𝚗𝚌𝚑𝚒 𝚞𝚗𝚝𝚎 𝚋𝚊𝚐𝚞𝚗𝚍𝚞,1
Orey appudaina navvutu matladav ra broker na kidaka,0
Fun moji కంటే  filmy moji  లో comedy చాలా బాగుంటుంది,1
 Anna samskaram undali koncham manishiga puttinappudu. Sampadhinchali ante elagaina sampadhinchochu kaani ilanti bhaashani janalaku nerputhu kaadhu. ,1
వాడు జీవితంలో ట్రైన్ క్రాసింగ్ అయితే 20 అడుగుల దూరంలో ఉంటాడు సిగ్గు శరం ఉంటే సంవత్సరం వరకు ట్రైన్ కూడా ఎక్కడు,1
ekanth sindhe gadu lanjala koppa leader,0
"Maku commen sense undaa banda edava  ,anni ardam avthunai miku ardam avudi election ina tharwatha",0
Shabash gundu andariki Baga gundu kodutunnav shabash Chetta bjp,0
"మీరు నిజంగా అడిగారో లేదో తెలియదుగాని.. మీ సంస్కారానికి, మీ హుందాతనానికి, మీ ఓర్పుకి వందనాలు ",1
Nuvvu JENASENA lo cherali bro,1
శనివారం నాడు శని గాడు వచ్చాడు మన రాష్ట్రానికి.,0
Psycho pastor vadulu,0
"​baga chepparu..maha news is waste news..only bjp ki, tdp ki support vallu",0
Pora pilla puka,0
Virat vs rohit yendi bey..vaallu baagane unnaru ..meeru penta చెయ్యకండి  trp kosam..,1
పవన్ కళ్యాణ్ అసెంబ్లీలోకి నువ్వు మాత్రం next జబర్దస్త్ లోకే,0
Annayya nuvvu sucess ayyalani manasara korukuntunna iam from VIZIANAGARAM,1
sofia vegara has a voice like notlo modda erikupoyi vuntadhi,0
Very గ్రేట్. Very humble,1
​bindu hi tinnava m chestunnav,1
మొటిమలకు మందు పని చేస్తున్నట్టు ఉందిగా,1
Manchiga kurchoni adugu thammudu,1
kavya papa circket meda avagahana ledhu ma aubction dengi mataldutnadhi,0
Reyyy houleee chaduvu meedha jokulu coment cheyyakuuu... .. Daridrudaaa,0
నంబీ నారాయణన్ గారికి ఇలాంటి అన్యాయం చేసిన వాళ్ళని కటకటాల్లో వెయ్యాలి.. ,0
ఈయన గారు ఏమి మాట్లాడతాడో తెలియదు,1
Pk Power supply....lo meru okka star...,1
"movie peru 3 lanjas samantha,manchu vishnu, swara bhaskar,manuch akka,anasuya",0
"Munawwar మాట్లాడినపుడు నువ్వు ఎక్కడ పన్నవ్.మీరు,మీరు ఒక్కటే",1
Nani garu meeku ciggu vundha mundu paripalana cheyandi  nanigaru,0
ekkuva overaction vj laga dengipothavu,0
Nuvvu nee fake muchatlu,0
"Nve adiginanduku vadu feel avvadu ,vadu icchina answering nvu feel avuthavv",1
గుడ్మార్ణింగ్ to హ్యాపీ సండే,1
రేవంతన్న అనే మనిషి కార్యకర్తలా జీవిస్తాడు అందుకే ప్రజల మనిషి నెక్స్ట్ సీఎం కావాలి...,1
పూజ హెగ్డే కంటే anchor సూపర్ ఉందిగా,1
ఓపెన్ హార్ట్ విత్ ఆర్కేఇంటర్వ్యూ అంటే మనసులో ఉన్నది బైటకి తీయాలి అనే ఉదేసం ... నిజాలు నిప్పు లాంటివి .. చాలా థాంక్స్ సార్ మేవల్ల చాలా విషయాలు నేర్చుకుంటున్న ...,1
నీటి యువతను పాడు చేసేవి ఇలాంటివే ,0
తెలుగు మీడియా జగన్ కు అమ్ముడు పోయింది,0
కృష్ణం వందే జగద్గురుమ్,1
రాకుడాని టైం లో వచ్చాను ఎక్స్పర్షన్ సూపర్,1
Nuvu velli record chesava loveda,0
Vaadi puttuka lopam.........,0
Byredyy cheyppadu kada ra nenu party maredu ledu ani Mee moddalo gola yanti raa,0
Very Nice.. BJP ni tarimi dengandhi telangan nundi,0
Next faima ఈ పొజిషన్ లోకి రావాలి... సపోర్ట్ లేకుండా గేమ్ ఆడట్లేదు... Worst గా behave చేస్తుంది.,0
"డికి ఈ background ఎందుకు ర, స్వామి",0
Sunil Anna vunte sandade veru movie antha chala fun ga vuntundi.,1
"Tickets rates thagginchaali..appudey janaalu theatre ki vastaaru.. Budget peruguthondhantey dhaanikkaranam producers e... Heroes budget, north Indian heroines, valla staff ni mepaali ivvanni thadisi mopodavuthunnayi",0
మొదట ఈ సంస్కృతి మొదలైంది మీ దగ్గర నుండే కదా నానీ గారూ!,1
Shiva anna NUVVU entha try chesina ... She didn't loose her confidence and attitude .,1
Devudu manishi kanna goppa,1
ndian marriages antey narakam.....i ve seen that hell....police case lu.... blackmailing ..chala untayi....vinthalu...viseshalu...vadhu brothers marriage vadhu...happy ga single ga undandi...focus on your goals.....love your parents...friends..god bless you all…,0
Chala baga chepparu sri reddy garu  plz continue and all the best,1
సామాన్యుడి చేతిలో ఆయుధం దిలీప్ అన్న గారు ఈ వీడియో వీలున్నంత మందికి షేర్ చేయాలి,1
Food తక్కువ తింటారు. అందుకే ప్రజల డబ్బు వేలకోట్లు తినేశారు.,0
RRR గారు మంచి నాయకుడు,1
Epudu Anna video asalu,1
ee tata nexon antha lavda car nenu ekkada chudaledh ra,0
naku asla courtney cox nachadhu thanu thana moddalo overacting #pussyhoecourtney,0
సినిమాలు చూసిన చూడకపోయినా నీ రివ్యూ మాత్రం పక్క మిస్ అవ్వకుండా చూస్తాం అన్నany way విశ్వక్ అన్న మూవీ రివ్యూ కోసం waiting ,1
Phone cut chesthey inka yavaritho mataladestham ani Ami leka poina chepu chepu ani rod avtharu edhi fact,1
ఆలోచన బాగుంది అమలు చేయండి ....త్వరలో మిమ్మల్ని న్యూస్ లో చూడటం కోసం... ఎదురు చూస్తాను థాంక్యూ,1
దీనికన్నా బాగా పడేవాళ్ళు unnaru వాళ్ళను ఎంకరేజ్ చేయండి,0
డిజిటల్ రూపీ మొదట హోల్ సేల్ & రిటైలర్స్....ఇంకా ఫ్యాక్టరీ ల్లో విధిగా అమలు చేయాలి,1
Nijamga chala natural comedy idi Venu Madhav gaari acting super ,1
దిక్కు మాలిన హెడ్డింగ్ లు వెదవ స్టోరీలు,0
"అంతే...చావు ఎప్పుడు, ఏం రూపంలో వస్తుందో తెలియదు! ఒక చెట్టు నుంచి ఎండిన ఆకు రాలినట్టు, గాలి వీచినట్లు సహజంగా జరుగుతుంది... ప్రాణం పోతుంది!",1
పాల్ Comedy చేసినట్టు ఉన్నా  పాల్ చెప్పేది 100% నిజం…,1
u don't worry bro aa kalyani ki dhula Patti idhantha chesthundhi,0
Miru eppudu chanipotharu swamy,0
Chepadaniku siggu ledu ra neeku,0
ఎన్ని సార్లు చూసినా మళ్ళీ మళ్ళీ చూడాలనిపించే సాంగ్ సూప,1
Sanyasi ante yevaro  anukunna e korja gada,0
"చాలా చక్కగా ,తికమక లేకుండా నవల మీద, సినిమా మీద ఆసక్తి పెరిగేలా వివరించారు.ధన్యవాదాలు.",1
Shekar master Appatlo Sadha garitho dhee lo dance chesevaru,1
Director skill mida Prati pakodi gaadu comment cheyadamey comments lo judge laaga,0
శ్రీను అన్నా నువ్వు చెప్పింది నిజం .... ఈ బగ్రౌండ్ music tho చిరాకు తెప్పిస్తుంది ప్రోగ్రామ్,0
"కండలు,ఒంపుసొంపులు beauty and strength వున్నంతసేపు,మనం ఎన్నైన మాట్లాడాతాం, అవి ఒడలిపోయిన fade out తెలుసుకున్న తరువాత అప్పుడేమీ మిగలదు సరయూ",0
Madyalo Aa sound effects matram next level.. ,1
డాన్స్ చాలా చక్కగా చేసింది అమ్మాయి,1
Correct.... Army green ani buildup ichi... Amoled green vesukunnaru...,0
reventh reddy dhi gadidha moddavadu waste,0
Experience lekapothe okasari poyi  posani adagandi ra  notti dula valani ela deal chesthamo,0
థాంక్స్ మేడం,1
Sravanthi akka don't cry. be strong. V r 4u,1
వెంకటేష్ గారి అబ్బాయి సో స్వీట్ ,1
మొదటగా హిందువులను అలాగే హిందూ దేవుళ్ళ గురించి తప్పుగా మాట్లాడిన వారిని క్షమాపణ చెప్పించండి,1
Sir ee discussion lu vaddu sir power Star image poddi and mana dabba manam kottukunnattu untundi,0
జఫ్ఫా తిమింగలం 420 గాడికి RiP ఎప్పుడు చెపుతారు,0
అన్నా నువ్వు షేర్ అన్నా.... నీకూ మంచి రోజులూ అతి త్వరలో వస్తాయి.,1
Acting chaalabaagundi mi timing kanivandi performance kanivandi dialogue delivery gaani  nice kipet up all the best you have a great future as an artist,1
మీకు తెలియని విషయాలు అంటూ ఉండవా రాజు గారు! చాలా చాలా చక్కగా వివరించారు. యూ టూబ్లో మీరు చెప్పే వీడియోస్ చూసి పాటించితే చాలు ప్రతి మనిషి హాయిగా ఆనందంగా జీవించ వచ్చు. మీరు ఈ సమాజానికి దేవుడు ఇచ్చిన వరం,1
​asalu districts okkati capital ayethe godava vundadu,1
taracy morgan modda oka murgi poyindhi vuntadhi endukuey ante karey gah vuntadhi,0
నీ ప్రభుత్వం చేత నువ్వు చేత రోజా అక్కా,0
"వామ్మో వాయ్యో,,,,గురువు గారు manchi కాకా పడుతున్నాడు",1
Arupulu ekkuva jadgement thakkuva,0
Mekalu flower thinna tharutha Vijay deverakonda anna Himalaya vellipovali,0
ప్రియా గారు మీరు చేసిన కామెంట్ చాలా బాగున్నది ఇలాంటి వారు తెలుసుకోవాలి ధన్య వాదాలు,1
​Chandrababupedayana Patra postunara 24cgantalu Jagan titunte matlaadatara,1
డాన్స్ ప్లస్ సీజన్ 2 కావాలి ,1
Mahesh babu nilabadithe chalu memu chusathsam bayya super dailoge ,1
పర్శంట్...అరపర్శంట..తొందర.. ఎందుకన్న...నిదానంగా...దుకుత,1
Avnu anna ఇన్ని రోజులు వాని వీడియోస్ చూసా but వాళ్లు ఇలాంటి క్యారెక్టర్ worrust చిల్లర... గాళ్లు,1
Vaadi face enti ala aypothundi chiraku ga,0
Prank lu chesukuntunaru e police gallu.... Public ni mosam cheyadaniki,0
73 సెంచరీ అవుతుంది,1
yudi naavinnapamu matrame bhavishyatlo biddalu badhalu padakoodadane vudyesamuto navinnapamu.tappayite xaminchamani vinnapam,1
వీడు వితండవాదం చేస్తూ ఏదో తెలివైనవాడినని ఫీల్ అవుతుంటాడు,0
"Meeru ilaage sakshi munde vuntaaru, okasari bayatiki velthe nee bathuku yento prajalu telustaaaru, velli chudu",0
Telangana vachinde telangana students chanepovadam vallameto kadu trs,0
jairam ganesh rahul gandhi sanka nakutadhu howla gadhu,0
అన్నయ్య మనం రోడ్డుపై వెల్తుంటే కుక్క లు మెరుగు తుంది,0
"dantha Prashant Kishor plan, TRS valle Malla Reddy meeda attack chesinru sympathy kosam. Kavalane Revanth Reddy ni blame chesthunnaru.                                                                                                                                                                                 Inthaku mundu Srinivas Goud meeda daadi chesaru ani drama chesaru. Ippudu Malla Reddy vanthu",1
నిత్యానందస్వామి ఆశీర్వాదం అందుకున్నా జబర్దస్ట్ రాణి,0
​BJP tho kalistey I will vote for pawan anna,1
Mamuluga undadu anna ne entry brooooo,1
Andharki daddy laki kodkulu pudtharu kani mega star gariki manchi vaadu puttadu,1
సూపర్ శర్మిలమ్మ గారు.చాలా చక్కగా వివరించారు,1
మన  తెలంగాణాలో మన నాయకుల బాషా చాలా chiller gah vuntadhi.అయ్యో దేవుడా.,0
Roja Neku dammu unta ys Jagan ki cheers pompu Yanduku anta ys vijayamma ni vishaka mp seat Gelupuichuko Lani dadamma nevu,0
త్రివిక్రమ్ రచన ఎప్పుడు సూపర్..,1
Telugu cinema lu content takuva buildup ekuva. Free ga download chesi chustam free ga,0
delete cheii bro lekopothey kcpd,0
Chi pove,0
పరిటాల శ్రీరాములు భూస్వాములు భూములు పేదలకు ఇచ్చేయాలి అని బలవంతం చెయ్యటం తప్పు సర్ డబ్బెవరికి చేదు ఇస్తే నీ భూములు ఇచ్చుకో అంతేగాని బలవంతం గా లాక్కోవాలి అనుకోవటం తప్పు అందుకే చచ్చాడు ...ఇక పరిటాల రవి ఒక రౌడీ అలాటివాడి గురించి మీరు చెప్పటం అంటే కులగజ్జి కాకా ఏమిటి ది సర్ బుజం మీద కమ్యూనిస్ట్ కండువా వేసుకుని కాస్ట్ ఫీలింగ్ చూపిస్తున్నారు పరిటాల రవి అనేవాడు కూడా కమ్యూనిస్ట్ రూపం లో ఉన్న ఒక రౌడీ అంటే నయీమ్ కి పరిటాల రవి కి తేడా ఏమి ,0
నీవు అంతా లావుగా ఉన్న డ్యాన్స్ సూపర్ శ్రీముఖి,1
Malla reddy garu meru ap ni kindaparicharu talangana lo  vantana andra pradesh prajalu 100 satam vnaru gutupetukondi noru jararu  meku ok vesayamtelusa  cm kcr ktr  vizayanagaram  bedani telusa chutu pakala andra valuvnaru megastar chiranjeevi  anr ntr valadi kuda andra pradesh  jagrata  Malla reddy ki dolaterustru  jai andra  jai  telangana,1
Nag garu chaitanya so beautiful.  చాలా బాగున్నారు మా అభిమాన హీరోలు,1
Afterall Comedy Kosam Valla Nanna Nee Kuda Vadalatles,0
నిద్ర పోయాడని train కి ఎలా తెలుస్తోంది,1
Orei ep nayala evadu pay chesindu neeku? Politicians ankunda veela meedha paddav,0
దేవుడు మీద ప్రమాణం చేసి అంతా నిజం చెపుతా.మాయ లేడివి. మహమ్మారివి.,0
"శ్రీదేవిగారు చెప్పిన  సమాధానంలో  ఎంత  హుందాతనం, సౌమ్యం, రాజసం, ఠీవి, మర్యాద  ఉన్నాయో ... హ్యాట్సాఫ్  టూ శ్రీదేవిగారు",1
Vaanchi Padidhengu broo,0
సమాజం మారడం అంటే చాలా కష్టం  మీ ప్రవచనాలు వింటూ కొంతమంది అయినా మారుతారని ఆశిద్దాం గురువుగారు,1
Ap ప్రజలు పెంట తింటున్నారు కాబట్టి ఇలాంటి నాయకులని భరిస్తున్నారు.,0
కనీసం మీడియా ముందుకు వచ్చి ఒక ప్రెస్ మీట్ కూడా పెట్టలేని వాడు ఈ పావలా..,1
"Theatre kellina badhitula ga ma badhalu panchukunnam anthe. Boothulu tittadam, family ni involve cheyadam ee panchayati lu oddu amma. Happy ga undandi",0
rajakeeyanayakulu kuda lanjala ey vellu party marututaru vallu illu marutaru,0
 Kcr appu inka akkuva chesadu kada adhi cheppu mari ,1
దాని పుకు గుద్ద రెండు నాకు లంజాకొడకా ,0
ఆయన Unstoppable షో కి వెళ్తేనే ప్యాంట్లు తడిపేసుకుంటున్నరు,0
మల్లిగాడు మంచి కమెడియన్ తెలంగాణలో జై రేవంత్,1
Yeediki prathi kshnam third degree pettali yee sollu poyenthavaraku,0
Aadhoka party vadoka nayakuda villoka karyakarthalu.,1
RGV tho antha veasyy kaadu,1
ఏ పని లేనొడు ఒక ఛానల్ ఓపెన్ చేయండి ఒక్క పార్టీ లేదా ఒక పర్సన్ ని ఎంచుకోండి స్టార్ట్ చేయండి 1or 2 years లో మంచి పాపులర్ అవుతారు .,1
Jai Pawan Kalyan Garu. Pawan Ji in Andhra and Modi Ji in centre. Perfect Combo🇮🇳🇮🇳  I am a big fan of sir from Delhi. I wish we had someone like him in Delhi.,1
middle order marchu vinnale world cuo degindhi asia cuo dengindhi poyi gully circket adukondi,0
పాత్రల కథనం స్పష్టంగా వివరించబడింది.. కాబట్టి నేను ps1 సినిమా చూస్తాను,1
నిను చూస్తుంటే KGF సినిమాలో RACKY బాయ్ గుర్తుకు వస్తున్నాడు,1
ఒరేయ్ ఏంటిరా ఏదీ మాకు ఛీ ఛీ...బేవర్స్ ..,0
 Okka kcr thappa vere party vallaki amathram chepparu e thenmar ,1
మన సనాతన ధర్మంలో తల్లి దండ్రులను కూడా దేవతల్లాగా కొలుస్తాము.. కొన్ని రోజులకు దేవిశ్రీ గాడు వాళ్ళ తల్లి దండ్రులను కూడా అలానే చూపిస్తాడేమో ఆ చదువుకున్న ముర్కాపు వెధవ..,1
కొపనాతి కృష్ణమ్మ గారు విగ్రహం పడిపోయిందని సంతోషపడుతున్నారా ఏం మనుషులురా చెత్త మనుషులు పక్కన ఎవడు ఆడు పడిపోయింది పడిపోయింది అది అన్నాడు ,1
మన పవన్ కళ్యాణ్ గారి దగ్గర ఉన్న గొప్పతనం ఇదే ,1
"మనుషులు మాయ చేస్తే,దేవుణ్ణి నమ్మినోల్లకు ఎప్పుడూ విజయమే.... Miracle ను మనం నమ్మాలి, అంతే.",1
Sir malli meeru industry ki ravalai sir,1
ఇలాంటి వాడికి మినిస్టర్  పదవి ఎలా ఇచ్చారు,1
sooraj oka rapist malla sulli bhai suport okati,0
ప్రభాస్ గారు అనుష్క గారు పెళ్లి చేసుకోవాలని తెలుగు రాష్ట్రాల్లో కొన్ని కోట్ల మంది కోరుకుంటున్నారు,1
dhobbey dhobbey antunnav enti. Chiraku dhobbinchadam baga alavatu anukunta. Neeku,0
NENUKUDA.PEDHAVADENE.UPADHE.LEDHU.VUDHYOGAM.LEDHU.PANULU.EKUVA.DHORUKADAMLEDHU,1
జనాలు తెలివైన వాళ్ళు కాబట్టే ఇలా తిరగబడ్డారు.,1
Sir మీరు ఎవరితో అయిన పెట్టుకోండి కానీ..యోగి గారి తో వద్దు,1
Bongemi kaadu  muyyara salu puka,0
jr ntr chala vinayam ga vuntaru,1
ne photo pdutha agu ra puka,0
"Nenu ippudu hospitallo vunna nevalle navvi navvi chanipoyanu,doctor treatment chesthunadhu(just kidding)",1
ఆ దేవ దేవుడు మీకు తోడుగా ఉన్నారు ... మెగాస్టార్ చిరంజీవి పేరు చూసి ఈ వీడియో చూస్తున్న... All the best from మెగాస్టార్ ఫ్యాన్స్,1
Venkat reddy ki buddi pagilindi anudke noru mosukohni vundali ,0
"రాంబాబు గారు కరెక్ట్ గ చెప్పారు.
మావల్ల కాదు అని చెప్పకుండా ఎప్పటికి అవుతుందో డేటు టైమ్ చెప్పలేము.అని చాలా హుందాగా ఒప్పుకున్నారు.",1
Mee Lantivaalla matalu inspiring ga vuntai….god blessed us with more knowledge by sent people like you,1
Sudder jafaa,0
చాలా పద్దతి గా ఉన్నారు,1
Vadu em matladuthunnado eanna artham aithe. Kanisam telugu translator ni pettukovachuga. Telugu bashaki respect ivvaru BJP vallu,0
Chachi urukuntav....anni thaguthe,0
andariki nidrostundi observe clearly ,0
సుదీర్ అన్న సింపుల్ నెస్ సూపర్,1
అన్న నీకు కుాడ నేను పెద్ద అభిమానిని డ్యాన్స్ కేకా,1
ఇలాంటి చేత విడేయేలను support చేసినను మరడి,0
రాంగోపాల్ వర్మ రాంగోపాల్ వర్మ మంచి రసికుడు,1
పూరి సుకుమార్ దగ్గర అసిస్టెంట్ గా చేరాలి. బాగా నేర్చుకోవచ్చు. Liger సినిమా అంత దరిద్రంగా తీసాడు.,0
do-lund oka oka daridudu asla valla hate crime ekkuva ayindhi vadi valla vadu vari donga buddi,0
Rana blood lo vundhi actiong..,1
Vinevallu verrypappalithe edina chepthary..nammandi nammandi,0
Samsaram cheyaganey pillalu puttaru sir. Wait for good result,0
Okkokkadiki 9 months pregnancy vundhi police'laki,0
Are Shankar em manishi ra nuvvu,0
shankar nuvvu news cheppaku ni pellam puku naku poyi nuvvu dankie crt,0
Nee video chusanu bagundi vishnu,1
"భగవంతుడి దయ, ప్రజల ఆశీస్సులు ఎప్పుడూ ఉండాలి ",1
వారి పప్పు వాలంటీర్ అంటే ఏంటో తెలుసుకోరా,0
మోహన బాబు గాడు ఒక వేస్ట్ ఫెల్లో.వాడి ఎదుట ఎవడైనా ఎదుగుతుంటే ఒరవలేడు..,0
Channel name change chesko...news line Telugu..no where related to news of Telangana.....TRS band company... Set ithadhi nee reporting ki,1
నిజంగా మన నందమూరి ఫ్యాన్స్ వాళ్ళ కోసం ప్రాణాలైనా ఇస్తాం కానీ మన హీరోలు అసలు  మనల్ని  పఠియించుకోరు దీనికి  బెస్ట్ ,1
"""కెజియఫ్"" మనిషి ఒంటరివాడైనా ధైర్యంగా పరిస్థితులతో పోరాడి బతకగలిగేంత ధైర్యం ఇచ్చే సినిమా.""కాంతారా"" మనిషి ధైర్యవంతుడు, అందరూ ఉన్నవాడైనా మూఢనమ్మకాల పేరుతో మనిషిలో ఉన్న ధైర్యాన్ని  నాశనం చేసే సినిమా.",1
Dani kanna mundu gym lantivi join aiyi slim avali apudu try cheyochu evanni,1
Superrr vunnav,1
Td janrdan cbn binami eddaru dongale avasaraniki vadukon vadilese cbn tdp partty,0
Jagan paapam pande rojulu dhaggara paduthunnayi ; vasthunnayi vasthunnayi manchi rojulu vasthunnayi.,0
Evaru adigaruu raaaaaaaa ninnu,0
Very funny.... Tirupathi language Yaasa dimpaadu...  he has very good natural making sense of humour... Hope to see him soon in Jabardast,1
​ycp rip jai janasena jai pspk,1
